"Guid","AccountSource","AnnualRevenue","BillingCity","BillingCountry","BillingEmail__c","BillingGeocodeAccuracy","BillingLatitude","BillingLongitude","BillingPostalCode","BillingState","BillingStreet","CorporateLocations__c","Custom_Account_Picklist__c","Description","Fax","FranchiseLocations__c","Industry","IsCustomerPortal","Jigsaw","Name","NumberOfEmployees","ParentId","Phone","SBQQ__AssetQuantitiesCombined__c","SBQQ__CoTermedContractsCombined__c","SBQQ__CoTerminationEvent__c","SBQQ__ContractCoTermination__c","SBQQ__DefaultOpportunity__c","SBQQ__IgnoreParentContractedPrices__c","SBQQ__PreserveBundle__c","SBQQ__PriceHoldEnd__c","SBQQ__RenewalModel__c","SBQQ__RenewalPricingMethod__c","SBQQ__TaxExempt__c","ShippingCity","ShippingCountry","ShippingGeocodeAccuracy","ShippingLatitude","ShippingLongitude","ShippingPostalCode","ShippingState","ShippingStreet","SicDesc","TaxID__c","Test_Field__c","Type","Website","blng__BillToContact__c","blng__CustomerProfileId__c","blng__DefaultPaymentType__c","ccrz__CustomField1__c","ccrz__CustomField2__c","ccrz__DataId__c","ccrz__PreventAddrBookSave__c","ccrz__PreventNewAddrCheckout__c","ccrz__PreventNewBillAddrCO__c","ccrz__SourceSystem__c","ccrz__TaxExemptAccount__c","ccrz__UsedByCloudcraze__c"
0054ba45-53e2-4c49-b8d4-9dcfba9efd7d,"#N/A",6.52105621E8,Bavaria,Germany,"#N/A","#N/A","#N/A","#N/A","#N/A",Essen,45131 Brüsseler Platz,"#N/A","#N/A",Tessier-Ashpool is the leader in Government in Bavaria,"#N/A","#N/A",Government,false,"#N/A",Eidel,"#N/A","#N/A","#N/A",false,false,"#N/A",Never,"#N/A",false,true,"#N/A",Contract Based,Same,No,"#N/A","#N/A","#N/A","#N/A","#N/A","#N/A","#N/A","#N/A","#N/A","#N/A","#N/A",Customer,"#N/A","#N/A","#N/A","#N/A","#N/A","#N/A","#N/A",false,false,false,"#N/A",false,false
01909983-dbf1-43a3-b8a9-97ab00fdd257,"#N/A",4.12752795E8,Avoca Beach,Australia,"#N/A","#N/A","#N/A","#N/A",2251,NSW,18 Hillside Rd,"#N/A","#N/A",CL North is the leader in Healthcare in Avoca Beach,"#N/A","#N/A",Healthcare,false,"#N/A",Photolist,"#N/A","#N/A",(02) 7233 8627,false,false,"#N/A",Never,"#N/A",false,true,"#N/A",Contract Based,Same,No,Avoca Beach,Australia,"#N/A","#N/A","#N/A",2251,NSW,18 Hillside Rd,"#N/A","#N/A","#N/A",Customer,"#N/A","#N/A","#N/A","#N/A","#N/A","#N/A","#N/A",false,false,false,"#N/A",false,false
0315c33f-997d-4079-94ea-c0cd34a65827,"#N/A",2.1153104E7,Houston,United States,"#N/A","#N/A","#N/A","#N/A",77228,TX,2591 Vidon Court,"#N/A","#N/A","#N/A","#N/A","#N/A",Manufacturing,false,"#N/A",Quatz,"#N/A","#N/A","#N/A",false,false,"#N/A",Never,"#N/A",false,true,"#N/A",Contract Based,Same,No,"#N/A","#N/A","#N/A","#N/A","#N/A","#N/A","#N/A","#N/A","#N/A","#N/A","#N/A",Prospect,"#N/A","#N/A","#N/A","#N/A","#N/A","#N/A","#N/A",false,false,false,"#N/A",false,false
0384b782-28e4-464c-8fc5-7fad26565a77,"#N/A",4.7011E10,Peoria,United States,"#N/A","#N/A","#N/A","#N/A",61629-0002,IL,100 Ne Adams St,"#N/A","#N/A",Carthage Automotive is the leader in Automotive in Peoria,"#N/A","#N/A",Automotive,false,"#N/A",Oloo,"#N/A","#N/A",1.309.675.1000,false,false,"#N/A",Never,"#N/A",false,true,"#N/A",Contract Based,Same,No,"#N/A","#N/A","#N/A","#N/A","#N/A","#N/A","#N/A","#N/A","#N/A","#N/A","#N/A",Customer,"#N/A","#N/A","#N/A","#N/A","#N/A","#N/A","#N/A",false,false,false,"#N/A",false,false
0547c229-8d36-4915-a115-243ab2011646,"#N/A",4.3025852E10,Irvine,United States,"#N/A","#N/A","#N/A","#N/A",92612-0697,CA,3351 Michelson Dr Ste 100,"#N/A","#N/A",Abilitech Software Solutions is the leader in Technology in Irvine,"#N/A","#N/A",Technology,false,"#N/A",Kwimbee,"#N/A","#N/A",1.714.566.1000,false,false,"#N/A",Never,"#N/A",false,true,"#N/A",Contract Based,Same,No,"#N/A","#N/A","#N/A","#N/A","#N/A","#N/A","#N/A",3351 Michelson Dr Ste 100,"#N/A","#N/A","#N/A",Customer,"#N/A","#N/A","#N/A","#N/A","#N/A","#N/A","#N/A",false,false,false,"#N/A",false,false
068f7e69-1422-4e2e-bfb6-d80d9c12ba4a,"#N/A",3.7897E10,New York,United States,"#N/A","#N/A","#N/A","#N/A",10036-8200,NY,1585 Broadway,"#N/A","#N/A","Clearcoat, LLC is the leader in Automotive in New York","#N/A","#N/A",Automotive,false,"#N/A",Dazzlesphere,"#N/A","#N/A",1.212.761.4000,false,false,"#N/A",Never,"#N/A",false,true,"#N/A",Contract Based,Same,No,"#N/A","#N/A","#N/A","#N/A","#N/A","#N/A","#N/A",200 George Street,"#N/A","#N/A","#N/A",Prospect,"#N/A","#N/A","#N/A","#N/A","#N/A","#N/A","#N/A",false,false,false,"#N/A",false,false
06933aae-e08b-464d-aa98-9da903b5b6cc,"#N/A",4.8213E11,Bentonville,United States,"#N/A","#N/A","#N/A","#N/A",72716-6299,AR,702 SW 8th St,"#N/A","#N/A",Upward Financial Services is the leader in Financial Services in Bentonville,"#N/A","#N/A",Financial Services,false,"#N/A",Photofeed,"#N/A","#N/A",1.479.273.4000,false,false,"#N/A",Never,"#N/A",false,true,"#N/A",Contract Based,Same,No,"#N/A","#N/A","#N/A","#N/A","#N/A","#N/A","#N/A","#N/A","#N/A","#N/A","#N/A",Prospect,"#N/A","#N/A","#N/A","#N/A","#N/A","#N/A","#N/A",false,false,false,"#N/A",false,false
06da48ab-f4f5-4606-8eeb-216493218154,"#N/A",4.528576E8,North Sydney,Australia,"#N/A","#N/A","#N/A","#N/A",2060,NSW,54 McLaren Street,"#N/A","#N/A",Demo Company is the leader in Consulting in North Sydney,"#N/A","#N/A",Consulting,false,"#N/A",Topiclounge,"#N/A","#N/A",(02) 8592 7342,false,false,"#N/A",Never,"#N/A",false,true,"#N/A",Contract Based,Same,No,North Sydney,Australia,"#N/A","#N/A","#N/A",2060,NSW,54 McLaren Street,"#N/A","#N/A","#N/A",Customer,"#N/A","#N/A","#N/A","#N/A","#N/A","#N/A","#N/A",false,false,false,"#N/A",false,false
07783c94-b56a-494f-b98e-8aa1e98423b3,"#N/A",2.70279E10,Houston,United States,"#N/A","#N/A","#N/A","#N/A",77002-5432,TX,1100 Louisiana St FL 10,"#N/A","#N/A",Sylvia Birungi Hospital is the leader in Healthcare in Houston,"#N/A","#N/A",Healthcare,false,"#N/A",Vipe,"#N/A","#N/A",1.713.381.6500,false,false,"#N/A",Never,"#N/A",false,true,"#N/A",Contract Based,Same,No,Houston,US,"#N/A","#N/A","#N/A",77210-4324,TX,P.O. BOX 4324,"#N/A","#N/A","#N/A",Prospect,"#N/A","#N/A","#N/A","#N/A","#N/A","#N/A","#N/A",false,false,false,"#N/A",false,false
08c7006f-aea2-4208-b6e1-3c6ab973f1fb,"#N/A","#N/A","#N/A","#N/A",billing@marriott.com.invalid.invalid,"#N/A","#N/A","#N/A","#N/A",MD,"#N/A",2170.0,"#N/A","#N/A","#N/A",5314.0,Hospitality,false,"#N/A",Marriott Hotels,170234,"#N/A","#N/A",false,false,"#N/A",Never,"#N/A",false,true,"#N/A",Contract Based,Same,No,"#N/A","#N/A","#N/A","#N/A","#N/A","#N/A","#N/A","#N/A","#N/A",82-8611386,"#N/A",Customer,"#N/A","#N/A","#N/A","#N/A","#N/A","#N/A","#N/A",false,false,false,"#N/A",false,false
0a472481-8525-446f-8085-dcebf9ff185b,"#N/A","#N/A","#N/A","#N/A",ap@hyatt.com.invalid.invalid,"#N/A","#N/A","#N/A","#N/A","#N/A","#N/A",518.0,"#N/A","#N/A","#N/A",378.0,Hospitality,false,"#N/A",Hyatt Hotels Corporation,100000,"#N/A","#N/A",false,false,"#N/A",Never,"#N/A",false,true,"#N/A",Contract Based,Same,No,"#N/A","#N/A","#N/A","#N/A","#N/A","#N/A","#N/A","#N/A","#N/A",82-1533604,"#N/A",Prospect,"#N/A","#N/A","#N/A","#N/A","#N/A","#N/A","#N/A",false,false,false,"#N/A",false,false
0d0a8593-ef7b-41a7-98d2-b1f9413abb08,"#N/A",3317099.0,Houston,United States,"#N/A","#N/A","#N/A","#N/A",77240,TX,6051 Northridge Park,"#N/A","#N/A","#N/A","#N/A","#N/A",Consulting,false,"#N/A",Gevee,"#N/A","#N/A","#N/A",false,false,"#N/A",Never,"#N/A",false,true,"#N/A",Contract Based,Same,No,"#N/A","#N/A","#N/A","#N/A","#N/A","#N/A","#N/A","#N/A","#N/A","#N/A","#N/A",Prospect,"#N/A","#N/A","#N/A","#N/A","#N/A","#N/A","#N/A",false,false,false,"#N/A",false,false
0d6f3091-c7fe-48d3-9e9b-cd4e4c918f64,"#N/A",1.03355E11,Palo Alto,United States,"#N/A","#N/A","#N/A","#N/A",94304-1126,CA,1501 Page Mill Rd,"#N/A","#N/A",Kumatsu Motors is the leader in Automotive in Palo Alto,"#N/A","#N/A",Automotive,false,"#N/A",Oodoo,"#N/A","#N/A",1.650.857.1501,false,false,"#N/A",Never,"#N/A",false,true,"#N/A",Contract Based,Same,No,Palo Alto,US,"#N/A","#N/A","#N/A",94303-0890,CA,P.O. BOX 10301,"#N/A","#N/A","#N/A",Customer,"#N/A","#N/A","#N/A","#N/A","#N/A","#N/A","#N/A",false,false,false,"#N/A",false,false
0daf3d8a-1900-4589-8e14-d2591f2f14cd,"#N/A",4.8851E10,New York,United States,"#N/A","#N/A","#N/A","#N/A",10017-5703,NY,235 E 42nd St,"#N/A","#N/A",Procurabl Holdings Inc. is the leader in Manufacturing in New York,"#N/A","#N/A",Manufacturing,false,"#N/A",Mybuzz,"#N/A","#N/A",1.212.733.2323,false,false,"#N/A",Never,"#N/A",false,true,"#N/A",Contract Based,Same,No,"#N/A","#N/A","#N/A","#N/A","#N/A","#N/A","#N/A","#N/A","#N/A","#N/A","#N/A",Customer,"#N/A","#N/A","#N/A","#N/A","#N/A","#N/A","#N/A",false,false,false,"#N/A",false,false
0fc8c784-6383-4d1c-948a-1a924279f325,"#N/A",3.45972597E8,Wahroonga,Australia,"#N/A","#N/A","#N/A","#N/A",2076,NSW,3 Myra St,"#N/A","#N/A",Nordyne Defense Dynamics is the leader in Technology in Wahroonga,"#N/A","#N/A",Technology,false,"#N/A",Thoughtstorm,"#N/A","#N/A",(02) 7820 8765,false,false,"#N/A",Never,"#N/A",false,true,"#N/A",Contract Based,Same,No,Wahroonga,Australia,"#N/A","#N/A","#N/A",2076,NSW,3 Myra St,"#N/A","#N/A","#N/A",Customer,"#N/A","#N/A","#N/A","#N/A","#N/A","#N/A","#N/A",false,false,false,"#N/A",false,false
15862bfd-9b9a-42d5-9573-e5b6d514a5ed,"#N/A",5.0E7,Vancouver,Canada,"#N/A","#N/A","#N/A","#N/A","#N/A",BC,BC V6T 1A7,"#N/A","#N/A",Spade and Archer is the leader in Services in BC,"#N/A","#N/A",Services,false,"#N/A",Twitterwire,"#N/A","#N/A","#N/A",false,false,"#N/A",Never,"#N/A",false,true,"#N/A",Contract Based,Same,No,"#N/A","#N/A","#N/A","#N/A","#N/A","#N/A","#N/A","#N/A","#N/A","#N/A","#N/A",Customer,"#N/A","#N/A","#N/A","#N/A","#N/A","#N/A","#N/A",false,false,false,"#N/A",false,false
15b6d984-9766-4a97-95e4-c46418d6da1c,"#N/A",7.91565E10,Indianapolis,United States,"#N/A","#N/A","#N/A","#N/A",46204-4902,IN,120 Monument Cir Ste 200,"#N/A","#N/A",Kellerman Corp. is the leader in Consumer Goods in Indianapolis,"#N/A","#N/A",Consumer Goods,false,"#N/A",Rhynyx,"#N/A","#N/A",1.317.488.6000,false,false,"#N/A",Never,"#N/A",false,true,"#N/A",Contract Based,Same,No,"#N/A","#N/A","#N/A","#N/A","#N/A","#N/A","#N/A","#N/A","#N/A","#N/A","#N/A",Customer,"#N/A","#N/A","#N/A","#N/A","#N/A","#N/A","#N/A",false,false,false,"#N/A",false,false
162d5f6e-689c-4865-be5e-0d892cbd672a,"#N/A",1.4139579037E10,New York,United States,"#N/A","#N/A","#N/A","#N/A",10010-1655,NY,51 Madison Ave Bsmt 1b,"#N/A","#N/A",Athena Theraputics is the leader in Healthcare in New York,"#N/A","#N/A",Healthcare,false,"#N/A",Skimia,"#N/A","#N/A",1.212.576.7000,false,false,"#N/A",Never,"#N/A",false,true,"#N/A",Contract Based,Same,No,"#N/A","#N/A","#N/A","#N/A","#N/A","#N/A","#N/A","#N/A","#N/A","#N/A","#N/A",Prospect,"#N/A","#N/A","#N/A","#N/A","#N/A","#N/A","#N/A",false,false,false,"#N/A",false,false
183b799a-5164-474d-90cb-e088f04935eb,"#N/A",1.27207233E8,Warradale,Australia,"#N/A","#N/A","#N/A","#N/A",5046,SA,140 Diagonal Rd,"#N/A","#N/A",Charles Townsend Agency is the leader in Apparel in Warradale,"#N/A","#N/A",Apparel,false,"#N/A",Gabcube,"#N/A","#N/A",(08) 8985 7724,false,false,"#N/A",Never,"#N/A",false,true,"#N/A",Contract Based,Same,No,Warradale,Australia,"#N/A","#N/A","#N/A",5046,SA,140 Diagonal Rd,"#N/A","#N/A","#N/A",Customer,"#N/A","#N/A","#N/A","#N/A","#N/A","#N/A","#N/A",false,false,false,"#N/A",false,false
19c2ee09-91dc-4825-9275-aedf76442412,"#N/A",8.7804E10,San Antonio,United States,"#N/A","#N/A","#N/A","#N/A",78249-1616,TX,1 Valero Way,"#N/A","#N/A",Feed the Kids is the leader in Non Profit in San Antonio,"#N/A","#N/A",Non Profit,false,"#N/A",Feedbug,"#N/A","#N/A",1.210.345.2000,false,false,"#N/A",Never,"#N/A",false,true,"#N/A",Contract Based,Same,No,San Antonio,US,"#N/A","#N/A","#N/A",78269-6000,TX,P.O. BOX 696000,"#N/A","#N/A","#N/A",Prospect,"#N/A","#N/A","#N/A","#N/A","#N/A","#N/A","#N/A",false,false,false,"#N/A",false,false
1c3d3314-0dec-484e-aae1-02321e986706,"#N/A",1.58331476E8,Melbourne,Australia,"#N/A","#N/A","#N/A","#N/A",3000,VIC,200 Elizabeth Street,"#N/A","#N/A",Galaxy Corp is the leader in Banking in Melbourne,"#N/A","#N/A",Banking,false,"#N/A",Mycat,"#N/A","#N/A",(03) 7578 7328,false,false,"#N/A",Never,"#N/A",false,true,"#N/A",Contract Based,Same,No,Melbourne,Australia,"#N/A","#N/A","#N/A",3000,VIC,200 Elizabeth Street,"#N/A","#N/A","#N/A",Customer,"#N/A","#N/A","#N/A","#N/A","#N/A","#N/A","#N/A",false,false,false,"#N/A",false,false
1cbe18e4-516c-450b-8b50-fc2fbc1b795a,"#N/A",1.0E8,New York,USA,billing@acme.com,"#N/A","#N/A","#N/A",31349,NY,10 Main Rd.,5.0,"#N/A","#N/A",(212) 555-5555,0.0,Corporate Office,false,"#N/A",Acme,680,"#N/A",(212) 555-5555,false,false,"#N/A","#N/A","#N/A",false,false,"#N/A","#N/A","#N/A","#N/A",New York,USA,"#N/A","#N/A","#N/A",31349,NY,10 Main Rd.,"#N/A",12-3456789,"#N/A",Prospect,"#N/A","#N/A","#N/A","#N/A","#N/A","#N/A","#N/A",false,false,false,"#N/A",false,false
1ec20c72-c594-423e-9464-5433a92d0b82,"#N/A",7.3785E10,Minneapolis,United States,"#N/A","#N/A","#N/A","#N/A",55403-2542,MN,1000 Nicollet Mall,"#N/A","#N/A","Equality Consulting, LLC is the leader in Services in Minneapolis","#N/A","#N/A",Services,false,"#N/A",Shufflester,"#N/A","#N/A",1.612.304.6073,false,false,"#N/A",Never,"#N/A",false,true,"#N/A",Contract Based,Same,No,"#N/A","#N/A","#N/A","#N/A","#N/A","#N/A","#N/A",P.O. BOX 81226,"#N/A","#N/A","#N/A",Prospect,"#N/A","#N/A","#N/A","#N/A","#N/A","#N/A","#N/A",false,false,false,"#N/A",false,false
1f95bbd8-1d64-4685-8f52-b925445b3e85,"#N/A",6.30331409E8,Berlin,Germany,"#N/A","#N/A","#N/A","#N/A","#N/A",Berlin,Friedrich-Ebert-Allee 140,"#N/A","#N/A",Tara Shea Micko Hospital is the leader in Healthcare in Berlin,"#N/A","#N/A",Healthcare,false,"#N/A",Yozio,"#N/A","#N/A","#N/A",false,false,"#N/A",Never,"#N/A",false,true,"#N/A",Contract Based,Same,No,"#N/A","#N/A","#N/A","#N/A","#N/A","#N/A","#N/A","#N/A","#N/A","#N/A","#N/A",Customer,"#N/A","#N/A","#N/A","#N/A","#N/A","#N/A","#N/A",false,false,false,"#N/A",false,false
22d8ba33-d296-4899-ba1a-9bf6c6ea52b5,"#N/A",7.2258E10,Findlay,United States,"#N/A","#N/A","#N/A","#N/A",45840-3229,OH,539 S Main St,"#N/A","#N/A",Claton Gardner Hospital is the leader in Healthcare in Findlay,"#N/A","#N/A",Healthcare,false,"#N/A",Topdrive,"#N/A","#N/A",1.419.422.2121,false,false,"#N/A",Never,"#N/A",false,true,"#N/A",Contract Based,Same,No,"#N/A","#N/A","#N/A","#N/A","#N/A","#N/A","#N/A","#N/A","#N/A","#N/A","#N/A",Prospect,"#N/A","#N/A","#N/A","#N/A","#N/A","#N/A","#N/A",false,false,false,"#N/A",false,false
2411f838-059d-4501-987d-a4d2953af1b9,"#N/A",3645701.0,Bloomington,United States,"#N/A","#N/A","#N/A","#N/A",47405,IN,2 Graceland Street,"#N/A","#N/A","#N/A","#N/A","#N/A",Manufacturing,false,"#N/A",Photobug,"#N/A","#N/A","#N/A",false,false,"#N/A",Never,"#N/A",false,true,"#N/A",Contract Based,Same,No,"#N/A","#N/A","#N/A","#N/A","#N/A","#N/A","#N/A","#N/A","#N/A","#N/A","#N/A",Prospect,"#N/A","#N/A","#N/A","#N/A","#N/A","#N/A","#N/A",false,false,false,"#N/A",false,false
243d9a06-27f3-46d4-a40e-e9b3ca064c6d,"#N/A",5.0687142E10,Bloomington,United States,"#N/A","#N/A","#N/A","#N/A",61710-0001,IL,1 State Farm Plz,"#N/A","#N/A",Delphi Energy is the leader in Energy in Bloomington,"#N/A","#N/A",Energy,false,"#N/A",Pixonyx,"#N/A","#N/A",1.309.766.2311,false,false,"#N/A",Never,"#N/A",false,true,"#N/A",Contract Based,Same,No,"#N/A","#N/A","#N/A","#N/A","#N/A","#N/A","#N/A","#N/A","#N/A","#N/A","#N/A",Prospect,"#N/A","#N/A","#N/A","#N/A","#N/A","#N/A","#N/A",false,false,false,"#N/A",false,false
24a52ccf-4489-4382-a32c-b010daec588b,"#N/A",8.9244318E7,Middlesex,United Kingdom,"#N/A","#N/A","#N/A","#N/A","#N/A",London,980 Great West Road,"#N/A","#N/A",TF South is the leader in Healthcare in Middlesex,"#N/A","#N/A",Healthcare,false,"#N/A",Chatterpoint,"#N/A","#N/A","#N/A",false,false,"#N/A",Never,"#N/A",false,true,"#N/A",Contract Based,Same,No,"#N/A","#N/A","#N/A","#N/A","#N/A","#N/A","#N/A","#N/A","#N/A","#N/A","#N/A",Customer,"#N/A","#N/A","#N/A","#N/A","#N/A","#N/A","#N/A",false,false,false,"#N/A",false,false
26730f38-8343-45d4-aacd-68a349b3a0d2,"#N/A",7.76395463E8,Paris,France,"#N/A","#N/A","#N/A","#N/A","#N/A",Paris,"16, bd des Italiens","#N/A","#N/A",SS South is the leader in Healthcare in Paris,"#N/A","#N/A",Healthcare,false,"#N/A",Voolia,"#N/A","#N/A","#N/A",false,false,"#N/A",Never,"#N/A",false,true,"#N/A",Contract Based,Same,No,"#N/A","#N/A","#N/A","#N/A","#N/A","#N/A","#N/A","#N/A","#N/A","#N/A","#N/A",Customer,"#N/A","#N/A","#N/A","#N/A","#N/A","#N/A","#N/A",false,false,false,"#N/A",false,false
28e008e0-5b98-4732-a6d7-eddc11f623dd,"#N/A",5.85033103E8,Hunters Hill,Australia,"#N/A","#N/A","#N/A","#N/A",2110,NSW,6/10 Mount St,"#N/A","#N/A",CG South is the leader in Healthcare in Hunters Hill,"#N/A","#N/A",Healthcare,false,"#N/A",Jabberstorm,"#N/A","#N/A",(02) 6279 8265,false,false,"#N/A",Never,"#N/A",false,true,"#N/A",Contract Based,Same,No,Hunters Hill,Australia,"#N/A","#N/A","#N/A",2110,NSW,6/10 Mount St,"#N/A","#N/A","#N/A",Customer,"#N/A","#N/A","#N/A","#N/A","#N/A","#N/A","#N/A",false,false,false,"#N/A",false,false
2b4864d4-5cbe-4a2a-a3ab-c3e6339c4104,"#N/A",5.6873066E8,Bondi,Australia,"#N/A","#N/A","#N/A","#N/A",2026,NSW,178 Campbell Parade,"#N/A","#N/A",Danielle Bogartz Hospital is the leader in Healthcare in Bondi,"#N/A","#N/A",Healthcare,false,"#N/A",Oyoba,"#N/A","#N/A",(02) 7198 7098,false,false,"#N/A",Never,"#N/A",false,true,"#N/A",Contract Based,Same,No,Bondi,Australia,"#N/A","#N/A","#N/A",2026,NSW,178 Campbell Parade,"#N/A","#N/A","#N/A",Customer,"#N/A","#N/A","#N/A","#N/A","#N/A","#N/A","#N/A",false,false,false,"#N/A",false,false
2bd5de2e-f55b-4e91-81f5-90cf23d73733,"#N/A",2.4638374E7,San Jose,United States,"#N/A","#N/A","#N/A","#N/A",95113,CA,5565 Maple Wood Street,"#N/A","#N/A","#N/A","#N/A","#N/A",Retail,false,"#N/A",Browsezoom,"#N/A","#N/A","#N/A",false,false,"#N/A",Never,"#N/A",false,true,"#N/A",Contract Based,Same,No,"#N/A","#N/A","#N/A","#N/A","#N/A","#N/A","#N/A","#N/A","#N/A","#N/A","#N/A",Prospect,"#N/A","#N/A","#N/A","#N/A","#N/A","#N/A","#N/A",false,false,false,"#N/A",false,false
2c7c570d-b743-4870-b8cf-908709690dc6,"#N/A","#N/A","#N/A","#N/A",ap@mcdonalds.com.invalid.invalid,"#N/A","#N/A","#N/A","#N/A","#N/A","#N/A",2636.0,"#N/A","#N/A","#N/A",36059.0,Restaurant,false,"#N/A",McDonalds,205000,"#N/A","#N/A",false,false,"#N/A",Never,"#N/A",false,true,"#N/A",Contract Based,Same,No,"#N/A","#N/A","#N/A","#N/A","#N/A","#N/A","#N/A","#N/A","#N/A",62-0234622,"#N/A",Prospect,"#N/A","#N/A","#N/A","#N/A","#N/A","#N/A","#N/A",false,false,false,"#N/A",false,false
2d2836e0-c6c5-41be-a7f9-f72e4ca79912,"#N/A",9351157.0,Lafayette,United States,"#N/A","#N/A","#N/A","#N/A",47905,IN,0526 Hauk Plaza,"#N/A","#N/A","#N/A","#N/A","#N/A",Energy,false,"#N/A",Thoughtsphere,"#N/A","#N/A","#N/A",false,false,"#N/A",Never,"#N/A",false,true,"#N/A",Contract Based,Same,No,"#N/A","#N/A","#N/A","#N/A","#N/A","#N/A","#N/A","#N/A","#N/A","#N/A","#N/A",Prospect,"#N/A","#N/A","#N/A","#N/A","#N/A","#N/A","#N/A",false,false,false,"#N/A",false,false
2ec980da-f689-44ae-956d-0f22c1a200b3,"#N/A",8.0231577E7,Bavaria,Germany,"#N/A","#N/A","#N/A","#N/A",80333,Munich,Wittelsbacherplatz 2,"#N/A","#N/A",Virtucon is the leader in Banking in Bavaria,"#N/A","#N/A",Banking,false,"#N/A",Aivee,"#N/A","#N/A","#N/A",false,false,"#N/A",Never,"#N/A",false,true,"#N/A",Contract Based,Same,No,"#N/A","#N/A","#N/A","#N/A","#N/A","#N/A","#N/A",6/10 Mount St,"#N/A","#N/A","#N/A",Customer,"#N/A","#N/A","#N/A","#N/A","#N/A","#N/A","#N/A",false,false,false,"#N/A",false,false
300e6640-8de8-42da-b0ec-beec16d5a43b,"#N/A",2.89485471E8,Berlin,Germany,"#N/A","#N/A","#N/A","#N/A","#N/A",Berlin,1011 Centre Road,"#N/A","#N/A",Strickland Propane is the leader in Biotechnology in Berlin,"#N/A","#N/A",Biotechnology,false,"#N/A",Babblestorm,"#N/A","#N/A","#N/A",false,false,"#N/A",Never,"#N/A",false,true,"#N/A",Contract Based,Same,No,"#N/A","#N/A","#N/A","#N/A","#N/A","#N/A","#N/A","#N/A","#N/A","#N/A","#N/A",Prospect,"#N/A","#N/A","#N/A","#N/A","#N/A","#N/A","#N/A",false,false,false,"#N/A",false,false
3063e278-f78c-4e62-976e-9d0282d38cbf,"#N/A",6.9951E10,New York,United States,"#N/A","#N/A","#N/A","#N/A",10166-0188,NY,200 Park Ave FL 1200,"#N/A","#N/A",Synaptic Networking Solutions is the leader in Communications in New York,"#N/A","#N/A",Communications,false,"#N/A",DabZ,"#N/A","#N/A",1.212.578.2211,false,false,"#N/A",Never,"#N/A",false,true,"#N/A",Contract Based,Same,No,"#N/A","#N/A","#N/A","#N/A","#N/A","#N/A","#N/A","#N/A","#N/A","#N/A","#N/A",Prospect,"#N/A","#N/A","#N/A","#N/A","#N/A","#N/A","#N/A",false,false,false,"#N/A",false,false
30e6f7a3-bc4a-4d15-8829-5c1c3aaeaea6,"#N/A",9.37328603E8,Kuraby,Australia,"#N/A","#N/A","#N/A","#N/A",4112,QLD,28 Besline St,"#N/A","#N/A",Leeding Engines Ltd. is the leader in Manufacturing in Kuraby,"#N/A","#N/A",Manufacturing,false,"#N/A",Lazzy,"#N/A","#N/A",(07) 6674 6703,false,false,"#N/A",Never,"#N/A",false,true,"#N/A",Contract Based,Same,No,Kuraby,Australia,"#N/A","#N/A","#N/A",4112,QLD,28 Besline St,"#N/A","#N/A","#N/A",Customer,"#N/A","#N/A","#N/A","#N/A","#N/A","#N/A","#N/A",false,false,false,"#N/A",false,false
31d0f635-b272-4e4a-90bb-99ac522eed31,"#N/A","#N/A","#N/A","#N/A",ap@kfc.com.invalid.invalid,"#N/A","#N/A","#N/A","#N/A","#N/A","#N/A",1500.0,"#N/A","#N/A","#N/A",21621.0,Restaurant,false,"#N/A",KFC,500,"#N/A","#N/A",false,false,"#N/A",Never,"#N/A",false,true,"#N/A",Contract Based,Same,No,"#N/A","#N/A","#N/A","#N/A","#N/A","#N/A","#N/A","#N/A","#N/A",78-5876113,"#N/A",Customer,"#N/A","#N/A","#N/A","#N/A","#N/A","#N/A","#N/A",false,false,false,"#N/A",false,false
33dee5bb-05e5-4e05-bc03-a8f4aa60c142,"#N/A","#N/A",Broomfield,USA,"#N/A","#N/A","#N/A","#N/A",80020,Colorado,1234 Hilltop Road,"#N/A","#N/A",Rachel Adams is the leader in Healthcare in Broomfield,"#N/A","#N/A",Healthcare,false,"#N/A",Vimbo,"#N/A","#N/A","#N/A",false,false,"#N/A",Never,"#N/A",false,true,"#N/A",Contract Based,Same,No,"#N/A","#N/A","#N/A","#N/A","#N/A","#N/A","#N/A","#N/A","#N/A","#N/A","#N/A",Prospect,"#N/A","#N/A","#N/A","#N/A","#N/A","#N/A","#N/A",false,false,false,"#N/A",false,false
34b179d1-3355-45c8-9e76-1fbf15d88735,"#N/A","#N/A","#N/A","#N/A",accounting@saintmarys.edu,"#N/A","#N/A","#N/A","#N/A",IN,"#N/A",1.0,"#N/A","#N/A","#N/A",0.0,Education,false,"#N/A",Saint Mary's College,350,"#N/A","#N/A",false,false,"#N/A",Never,"#N/A",false,true,"#N/A",Contract Based,Same,No,"#N/A","#N/A","#N/A","#N/A","#N/A","#N/A","#N/A","#N/A","#N/A",12-3456789,"#N/A",Customer,"#N/A","#N/A","#N/A","#N/A","#N/A","#N/A","#N/A",false,false,false,"#N/A",false,false
34c22de5-e7d8-4df6-aa41-cfd0cb899377,"#N/A",3.9208E10,New York,United States,"#N/A","#N/A","#N/A","#N/A",10282-2198,NY,200 West St Bldg 200,"#N/A","#N/A","Voltronics, Inc. is the leader in Energy in New York","#N/A","#N/A",Energy,false,"#N/A",Buzzbean,"#N/A","#N/A",1.212.902.1000,false,false,"#N/A",Never,"#N/A",false,true,"#N/A",Contract Based,Same,No,"#N/A","#N/A","#N/A","#N/A","#N/A","#N/A","#N/A","#N/A","#N/A","#N/A","#N/A",Prospect,"#N/A","#N/A","#N/A","#N/A","#N/A","#N/A","#N/A",false,false,false,"#N/A",false,false
35cc051d-a92a-49ed-a2a5-06e6a00d9319,"#N/A",7.6279E10,Cincinnati,United States,"#N/A","#N/A","#N/A","#N/A",45202-3393,OH,1 Procter and Gamble Plz,"#N/A","#N/A",ADM Goods is the leader in Consumer Goods in Cincinnati,"#N/A","#N/A",Consumer Goods,false,"#N/A",Voonix,"#N/A","#N/A",1.513.983.1100,false,false,"#N/A",Never,"#N/A",false,true,"#N/A",Contract Based,Same,No,Cincinnati,US,"#N/A","#N/A","#N/A",45201-0599,OH,P.O. BOX 599,"#N/A","#N/A","#N/A",Customer,"#N/A","#N/A","#N/A","#N/A","#N/A","#N/A","#N/A",false,false,false,"#N/A",false,false
3669754c-c0dc-4306-b148-e9a87cf2c8c7,"#N/A",2.87538616E8,Victoria Park,Australia,"#N/A","#N/A","#N/A","#N/A",6100,WA,27 Temple St,"#N/A","#N/A",LexCorp is the leader in Banking in Victoria Park,"#N/A","#N/A",Banking,false,"#N/A",Trilith,"#N/A","#N/A",(08) 7764 6096,false,false,"#N/A",Never,"#N/A",false,true,"#N/A",Contract Based,Same,No,Victoria Park,Australia,"#N/A","#N/A","#N/A",6100,WA,27 Temple St,"#N/A","#N/A","#N/A",Customer,"#N/A","#N/A","#N/A","#N/A","#N/A","#N/A","#N/A",false,false,false,"#N/A",false,false
37b6bee9-ba21-465d-b17a-2f0c22c09a0c,"#N/A",5.29570951E8,Ballan,Australia,"#N/A","#N/A","#N/A","#N/A",3342,VIC,18 McMahon Dr,"#N/A","#N/A",Minuteman Cafe is the leader in Apparel in Ballan,"#N/A","#N/A",Apparel,false,"#N/A",Agimba,"#N/A","#N/A",(03) 8664 6673,false,false,"#N/A",Never,"#N/A",false,true,"#N/A",Contract Based,Same,No,Ballan,Australia,"#N/A","#N/A","#N/A",3342,VIC,18 McMahon Dr,"#N/A","#N/A","#N/A",Customer,"#N/A","#N/A","#N/A","#N/A","#N/A","#N/A","#N/A",false,false,false,"#N/A",false,false
3944a566-ecb9-45b8-9687-96698809b1b4,"#N/A",7.40417719E8,Fairfield,Australia,"#N/A","#N/A","#N/A","#N/A",4103,QLD,40 Archibald St,"#N/A","#N/A",Mooby Corp is the leader in Chemicals in Fairfield,"#N/A","#N/A",Chemicals,false,"#N/A",Skalith,"#N/A","#N/A",(07) 8503 6141,false,false,"#N/A",Never,"#N/A",false,true,"#N/A",Contract Based,Same,No,Fairfield,Australia,"#N/A","#N/A","#N/A",4103,QLD,40 Archibald St,"#N/A","#N/A","#N/A",Customer,"#N/A","#N/A","#N/A","#N/A","#N/A","#N/A","#N/A",false,false,false,"#N/A",false,false
3a553538-612d-4da5-9178-657756693ea0,"#N/A",2.89485471E8,Ballarat Central,Australia,"#N/A","#N/A","#N/A","#N/A",3350,VIC,50 Loch Av,"#N/A","#N/A",Incom Corporation is the leader in Manufacturing in Ballarat Central,"#N/A","#N/A",Manufacturing,false,"#N/A",Realbridge,"#N/A","#N/A",(03) 8300 7460,false,false,"#N/A",Never,"#N/A",false,true,"#N/A",Contract Based,Same,No,Ballarat Central,Australia,"#N/A","#N/A","#N/A",3350,VIC,50 Loch Av,"#N/A","#N/A","#N/A",Prospect,"#N/A","#N/A","#N/A","#N/A","#N/A","#N/A","#N/A",false,false,false,"#N/A",false,false
3b278519-9a0d-4a24-90e2-09e37854f2bd,"#N/A",5.1403189E8,Kogarah,Australia,"#N/A","#N/A","#N/A","#N/A",2217,NSW,2/2 Bowns Rd,"#N/A","#N/A",Burleigh and Stronginthearm is the leader in Communications in Kogarah,"#N/A","#N/A",Communications,false,"#N/A",Eamia,"#N/A","#N/A",(02) 8850 8728,false,false,"#N/A",Never,"#N/A",false,true,"#N/A",Contract Based,Same,No,Kogarah,Australia,"#N/A","#N/A","#N/A",2217,NSW,2/2 Bowns Rd,"#N/A","#N/A","#N/A",Customer,"#N/A","#N/A","#N/A","#N/A","#N/A","#N/A","#N/A",false,false,false,"#N/A",false,false
3ce819b4-3c76-44a9-832d-2bd3d2ff8de5,"#N/A",6.3056E10,Purchase,United States,"#N/A","#N/A","#N/A","#N/A",10577-1444,NY,700 Anderson Hill Rd,"#N/A","#N/A",General Services Corporation is the leader in Hospitality in Purchase,"#N/A","#N/A",Hospitality,false,"#N/A",Yamia,"#N/A","#N/A",1.914.253.2000,false,false,"#N/A",Never,"#N/A",false,true,"#N/A",Contract Based,Same,No,"#N/A","#N/A","#N/A","#N/A","#N/A","#N/A","#N/A","#N/A","#N/A","#N/A","#N/A",Prospect,"#N/A","#N/A","#N/A","#N/A","#N/A","#N/A","#N/A",false,false,false,"#N/A",false,false
3d058062-026a-4c6d-8a06-1d9186d24864,"#N/A",1.01752E11,Saint Louis,United States,"#N/A","#N/A","#N/A","#N/A",63121-1824,MO,1 Express Way,"#N/A","#N/A",Rhapsodic AG is the leader in Retail in Saint Louis,"#N/A","#N/A",Retail,false,"#N/A",Zoomcast,"#N/A","#N/A",1.314.996.0900,false,false,"#N/A",Never,"#N/A",false,true,"#N/A",Contract Based,Same,No,"#N/A","#N/A","#N/A","#N/A","#N/A","#N/A","#N/A","#N/A","#N/A","#N/A","#N/A",Prospect,"#N/A","#N/A","#N/A","#N/A","#N/A","#N/A","#N/A",false,false,false,"#N/A",false,false
3e676566-6478-4799-8540-bffc9c15bdef,"#N/A",1.89167866E8,Zurich,Switzerland,"#N/A","#N/A","#N/A","#N/A","#N/A","#N/A",avenue Nestlé 55,"#N/A","#N/A",TSM North is the leader in Healthcare,"#N/A","#N/A",Healthcare,false,"#N/A",Topicware,"#N/A","#N/A","#N/A",false,false,"#N/A",Never,"#N/A",false,true,"#N/A",Contract Based,Same,No,"#N/A","#N/A","#N/A","#N/A","#N/A","#N/A","#N/A","#N/A","#N/A","#N/A","#N/A",Customer,"#N/A","#N/A","#N/A","#N/A","#N/A","#N/A","#N/A",false,false,false,"#N/A",false,false
3f73763e-176e-4d5f-964d-c3ce827ce81a,"#N/A",3.85068818E8,Cranbourne,Australia,"#N/A","#N/A","#N/A","#N/A",3977,VIC,40 Toirram Cr,"#N/A","#N/A",Monarch Playing Card Co. is the leader in Education in Cranbourne,"#N/A","#N/A",Education,false,"#N/A",Bubblemix,"#N/A","#N/A",(03) 7305 6379,false,false,"#N/A",Never,"#N/A",false,true,"#N/A",Contract Based,Same,No,Cranbourne,Australia,"#N/A","#N/A","#N/A",3977,VIC,40 Toirram Cr,"#N/A","#N/A","#N/A",Prospect,"#N/A","#N/A","#N/A","#N/A","#N/A","#N/A","#N/A",false,false,false,"#N/A",false,false
40304b12-e257-4793-8dc7-fad56978cc43,"#N/A","#N/A","#N/A","#N/A",accounting@regal.com,"#N/A","#N/A","#N/A","#N/A","#N/A","#N/A",549.0,"#N/A","#N/A","#N/A",0.0,Entertainment,false,"#N/A",Regal Cinemas,"#N/A","#N/A","#N/A",false,false,"#N/A",Never,"#N/A",false,true,"#N/A",Contract Based,Same,No,"#N/A","#N/A","#N/A","#N/A","#N/A","#N/A","#N/A","#N/A","#N/A",12-3456789,"#N/A",Customer,"#N/A","#N/A","#N/A","#N/A","#N/A","#N/A","#N/A",false,false,false,"#N/A",false,false
425d28b5-b2ed-4fa7-9dba-3668bfb52ed2,"#N/A",4.0704E10,Atlanta,United States,"#N/A","#N/A","#N/A","#N/A",30354-1989,GA,1030 Delta Blvd,"#N/A","#N/A",Taggart Transcontinental is the leader in Shipping in Atlanta,"#N/A","#N/A",Shipping,false,"#N/A",Layo,"#N/A","#N/A",1.404.715.2600,false,false,"#N/A",Never,"#N/A",false,true,"#N/A",Contract Based,Same,No,Atlanta,US,"#N/A","#N/A","#N/A",30320-6001,GA,P.O. BOX 20706,"#N/A","#N/A","#N/A",Customer,"#N/A","#N/A","#N/A","#N/A","#N/A","#N/A","#N/A",false,false,false,"#N/A",false,false
43a0b22f-ff3a-4f23-bbcb-02e25f9973f9,"#N/A",4.15880303E8,Balaclava,Australia,"#N/A","#N/A","#N/A","#N/A",3183,VIC,5/5a The Avenue,"#N/A","#N/A",Praveen Kagalkar Hospital is the leader in Healthcare in Balaclava,"#N/A","#N/A",Healthcare,false,"#N/A",Babbleopia,"#N/A","#N/A",(03) 8569 6279,false,false,"#N/A",Never,"#N/A",false,true,"#N/A",Contract Based,Same,No,Balaclava,Australia,"#N/A","#N/A","#N/A",3183,VIC,5/5a The Avenue,"#N/A","#N/A","#N/A",Customer,"#N/A","#N/A","#N/A","#N/A","#N/A","#N/A","#N/A",false,false,false,"#N/A",false,false
444ea7d2-d3db-42a9-b0d8-9b9dcf7dbd3c,"#N/A",7.4989E10,Mountain View,United States,"#N/A","#N/A","#N/A","#N/A",94043-1351,CA,1600 Amphitheatre Pkwy,"#N/A","#N/A",Roxxon is the leader in Retail in Mountain View,"#N/A","#N/A",Retail,false,"#N/A",Fatz,"#N/A","#N/A",1.650.253.0000,false,false,"#N/A",Never,"#N/A",false,true,"#N/A",Contract Based,Same,No,"#N/A","#N/A","#N/A","#N/A","#N/A","#N/A","#N/A","#N/A","#N/A","#N/A","#N/A",Customer,"#N/A","#N/A","#N/A","#N/A","#N/A","#N/A","#N/A",false,false,false,"#N/A",false,false
48cf244a-850e-490b-88f6-76e4eeaf7b9c,"#N/A",2.33715E11,Cupertino,United States,"#N/A","#N/A","#N/A","#N/A",95014-2083,CA,1 Infinite Loop,"#N/A","#N/A",Sweetwine Car Service is the leader in Transportation in Cupertino,"#N/A","#N/A",Transportation,false,"#N/A",Wordtune,"#N/A","#N/A",1.408.996.1010,false,false,"#N/A",Never,"#N/A",false,true,"#N/A",Contract Based,Same,No,"#N/A","#N/A","#N/A","#N/A","#N/A","#N/A","#N/A","#N/A","#N/A","#N/A","#N/A",Prospect,"#N/A","#N/A","#N/A","#N/A","#N/A","#N/A","#N/A",false,false,false,"#N/A",false,false
4910bc83-2284-4341-be62-e9e12e4accd0,"#N/A",2.7079E10,Cincinnati,United States,"#N/A","#N/A","#N/A","#N/A",45202-2424,OH,7 W 7th St,"#N/A","#N/A",Capitol Museum of Art is the leader in Non Profit in Cincinnati,"#N/A","#N/A",Non Profit,false,"#N/A",Quinu,"#N/A","#N/A",1.513.579.7000,false,false,"#N/A",Never,"#N/A",false,true,"#N/A",Contract Based,Same,No,"#N/A","#N/A","#N/A","#N/A","#N/A","#N/A","#N/A",701 W Georgia St,"#N/A","#N/A","#N/A",Customer,"#N/A","#N/A","#N/A","#N/A","#N/A","#N/A","#N/A",false,false,false,"#N/A",false,false
4ae8415a-5707-49c2-aa28-b442fa1ba313,"#N/A",1.17386E11,Fairfield,United States,"#N/A","#N/A","#N/A","#N/A",06828-0001,CT,3135 Easton Tpke,"#N/A","#N/A","Signal Processing, LLC is the leader in Technology in Fairfield","#N/A","#N/A",Technology,false,"#N/A",Vitz,"#N/A","#N/A",1.203.373.2211,false,false,"#N/A",Never,"#N/A",false,true,"#N/A",Contract Based,Same,No,"#N/A","#N/A","#N/A","#N/A","#N/A","#N/A","#N/A","#N/A","#N/A","#N/A","#N/A",Customer,"#N/A","#N/A","#N/A","#N/A","#N/A","#N/A","#N/A",false,false,false,"#N/A",false,false
4c9dd4dc-82b5-4938-b339-40556085611f,"#N/A",1.07006E11,Seattle,United States,"#N/A","#N/A","#N/A","#N/A",98109-5210,WA,410 Terry Ave N,"#N/A","#N/A",Heimdall College of Optometry is the leader in Higher Education in Seattle,"#N/A","#N/A",Higher Education,false,"#N/A",Bluezoom,"#N/A","#N/A",1.206.266.1000,false,false,"#N/A",Never,"#N/A",false,true,"#N/A",Contract Based,Same,No,Seattle,US,"#N/A","#N/A","#N/A",98108-1300,WA,P.O. BOX 81226,"#N/A","#N/A","#N/A",Prospect,"#N/A","#N/A","#N/A","#N/A","#N/A","#N/A","#N/A",false,false,false,"#N/A",false,false
4d7363f4-8464-4110-94ea-4a569a217b2a,"#N/A",1.9687E10,Springfield,United States,"#N/A","#N/A","#N/A","#N/A",01111-0001,MA,1295 State St,"#N/A","#N/A",Sirius Cybernetics Corporation is the leader in Manufacturing in Springfield,"#N/A","#N/A",Manufacturing,false,"#N/A",Digitube,"#N/A","#N/A",1.413.788.8411,false,false,"#N/A",Never,"#N/A",false,true,"#N/A",Contract Based,Same,No,"#N/A","#N/A","#N/A","#N/A","#N/A","#N/A","#N/A","#N/A","#N/A","#N/A","#N/A",Prospect,"#N/A","#N/A","#N/A","#N/A","#N/A","#N/A","#N/A",false,false,false,"#N/A",false,false
502fe618-550f-4f1a-b6bc-b27df8c495b1,"#N/A",1.78663741E8,Canary Wharf,United Kingdom,"#N/A","#N/A","#N/A","#N/A",E14 5AJ,London,1 Canada Square,"#N/A","#N/A",St. Francis Hospital is the leader in Healthcare in Canary Wharf,"#N/A","#N/A",Healthcare,false,"#N/A",Meembee,"#N/A","#N/A","#N/A",false,false,"#N/A",Never,"#N/A",false,true,"#N/A",Contract Based,Same,No,"#N/A","#N/A","#N/A","#N/A","#N/A","#N/A","#N/A","#N/A","#N/A","#N/A","#N/A",Customer,"#N/A","#N/A","#N/A","#N/A","#N/A","#N/A","#N/A",false,false,false,"#N/A",false,false
50392b06-ee37-49bf-abf8-7d2be1fdbfba,"#N/A",4.93945873E8,Bacchus Marsh,Australia,"#N/A","#N/A","#N/A","#N/A",3340,VIC,57 Clifton Dr,"#N/A","#N/A",PK South is the leader in Healthcare in Bacchus Marsh,"#N/A","#N/A",Healthcare,false,"#N/A",Gigaclub,"#N/A","#N/A",(03) 6472 8807,false,false,"#N/A",Never,"#N/A",false,true,"#N/A",Contract Based,Same,No,Bacchus Marsh,Australia,"#N/A","#N/A","#N/A",3340,VIC,57 Clifton Dr,"#N/A","#N/A","#N/A",Customer,"#N/A","#N/A","#N/A","#N/A","#N/A","#N/A","#N/A",false,false,false,"#N/A",false,false
50a8213d-7df3-40dd-b8d3-6c81ab62b3ee,"#N/A",7.20606185E8,Cranbourne East,Australia,"#N/A","#N/A","#N/A","#N/A",3977,VIC,7 Dartmoor Dr,"#N/A","#N/A",Milliways is the leader in Engineering in Cranbourne East,"#N/A","#N/A",Engineering,false,"#N/A",Tavu,"#N/A","#N/A",(03) 6820 8401,false,false,"#N/A",Never,"#N/A",false,true,"#N/A",Contract Based,Same,No,Cranbourne East,Australia,"#N/A","#N/A","#N/A",3977,VIC,7 Dartmoor Dr,"#N/A","#N/A","#N/A",Prospect,"#N/A","#N/A","#N/A","#N/A","#N/A","#N/A","#N/A",false,false,false,"#N/A",false,false
516aa848-8245-44cd-9419-bfaf1c8b3e59,"#N/A",4.2451628E8,Kensington,Australia,"#N/A","#N/A","#N/A","#N/A",1465,NSW,4/81 Doncaster Av,"#N/A","#N/A",Sample Company is the leader in Media in Kensington,"#N/A","#N/A",Media,false,"#N/A",Kanoodle,"#N/A","#N/A",(02) 7112 6523,false,false,"#N/A",Never,"#N/A",false,true,"#N/A",Contract Based,Same,No,Kensington,Australia,"#N/A","#N/A","#N/A",1465,NSW,4/81 Doncaster Av,"#N/A","#N/A","#N/A",Customer,"#N/A","#N/A","#N/A","#N/A","#N/A","#N/A","#N/A",false,false,false,"#N/A",false,false
52a838dc-a9df-432d-bb01-21a459eebc8b,"#N/A",5.45137679E8,Bibra Lake,Australia,"#N/A","#N/A","#N/A","#N/A",6163,WA,13 Joshua Cl,"#N/A","#N/A",PK North is the leader in Healthcare in Bibra Lake,"#N/A","#N/A",Healthcare,false,"#N/A",Jazzy,"#N/A","#N/A",(08) 7593 7049,false,false,"#N/A",Never,"#N/A",false,true,"#N/A",Contract Based,Same,No,Bibra Lake,Australia,"#N/A","#N/A","#N/A",6163,WA,13 Joshua Cl,"#N/A","#N/A","#N/A",Prospect,"#N/A","#N/A","#N/A","#N/A","#N/A","#N/A","#N/A",false,false,false,"#N/A",false,false
55685385-edde-42cc-8b28-a14e330dbd52,"#N/A",5.73645303E8,Melbourne,Australia,"#N/A","#N/A","#N/A","#N/A",3004,VIC,348 St Kilda Road,"#N/A","#N/A",Globex Corporation is the leader in Food & Beverage in Melbourne,"#N/A","#N/A",Food & Beverage,false,"#N/A",Bluejam,"#N/A","#N/A",(03) 7876 8876,false,false,"#N/A",Never,"#N/A",false,true,"#N/A",Contract Based,Same,No,Melbourne,Australia,"#N/A","#N/A","#N/A",3004,VIC,348 St Kilda Road,"#N/A","#N/A","#N/A",Customer,"#N/A","#N/A","#N/A","#N/A","#N/A","#N/A","#N/A",false,false,false,"#N/A",false,false
57d7c1b1-a2c6-49bf-849d-c0d979a816ba,"#N/A","#N/A","#N/A","#N/A",billing@popeyes.co,"#N/A","#N/A","#N/A","#N/A","#N/A","#N/A",30.0,"#N/A","#N/A","#N/A",3072.0,Restaurant,false,"#N/A",Popeyes,"#N/A","#N/A","#N/A",false,false,"#N/A",Never,"#N/A",false,true,"#N/A",Contract Based,Same,No,"#N/A","#N/A","#N/A","#N/A","#N/A","#N/A","#N/A","#N/A","#N/A",12-3456789,"#N/A",Customer,"#N/A","#N/A","#N/A","#N/A","#N/A","#N/A","#N/A",false,false,false,"#N/A",false,false
59a83011-349f-4707-b281-3c7b3db49136,"#N/A",2.9111322E7,Savannah,United States,"#N/A","#N/A","#N/A","#N/A",31410,GA,50137 Brickson Park Alley,"#N/A","#N/A","#N/A","#N/A","#N/A",Consulting,false,"#N/A",Pixope,"#N/A","#N/A","#N/A",false,false,"#N/A",Never,"#N/A",false,true,"#N/A",Contract Based,Same,No,"#N/A","#N/A","#N/A","#N/A","#N/A","#N/A","#N/A","#N/A","#N/A","#N/A","#N/A",Prospect,"#N/A","#N/A","#N/A","#N/A","#N/A","#N/A","#N/A",false,false,false,"#N/A",false,false
5a0d06f5-c387-4433-9ceb-e0c1d5517ecd,"#N/A",6.30331409E8,Tokyo,Japan,"#N/A","#N/A","#N/A","#N/A","#N/A","#N/A",1 Toyota-Cho,"#N/A","#N/A",Widget Corp is the leader in Technology,"#N/A","#N/A",Technology,false,"#N/A",Tagopia,"#N/A","#N/A","#N/A",false,false,"#N/A",Never,"#N/A",false,true,"#N/A",Contract Based,Same,No,"#N/A","#N/A","#N/A","#N/A","#N/A","#N/A","#N/A",4 Riverside Rd,"#N/A","#N/A","#N/A",Customer,"#N/A","#N/A","#N/A","#N/A","#N/A","#N/A","#N/A",false,false,false,"#N/A",false,false
5adefe42-afa6-4c90-8535-f9658ec2db2f,"#N/A",7.76395463E8,Tokyo,Japan,"#N/A","#N/A","#N/A","#N/A","#N/A","#N/A",1-7-1 Konan Minato-ku,"#N/A","#N/A",Wernham Hogg is the leader in Telecommunications,"#N/A","#N/A",Telecommunications,false,"#N/A",Browsedrive,"#N/A","#N/A","#N/A",false,false,"#N/A",Never,"#N/A",false,true,"#N/A",Contract Based,Same,No,"#N/A","#N/A","#N/A","#N/A","#N/A","#N/A","#N/A",4 Riverside Rd,"#N/A","#N/A","#N/A",Customer,"#N/A","#N/A","#N/A","#N/A","#N/A","#N/A","#N/A",false,false,false,"#N/A",false,false
5b4a31d3-83be-43c6-881b-0a4d3eed8b0a,"#N/A",1.5566896E7,Flushing,United States,"#N/A","#N/A","#N/A","#N/A",11355,NY,066 Grayhawk Road,"#N/A","#N/A","#N/A","#N/A","#N/A",Utilities,false,"#N/A",Wordware,"#N/A","#N/A","#N/A",false,false,"#N/A",Never,"#N/A",false,true,"#N/A",Contract Based,Same,No,"#N/A","#N/A","#N/A","#N/A","#N/A","#N/A","#N/A","#N/A","#N/A","#N/A","#N/A",Prospect,"#N/A","#N/A","#N/A","#N/A","#N/A","#N/A","#N/A",false,false,false,"#N/A",false,false
5c0fcd03-e2bb-48fa-873c-a342dd1b6700,"#N/A","#N/A","#N/A","#N/A",ap@pizzahut.com,"#N/A","#N/A","#N/A","#N/A","#N/A","#N/A",703.0,"#N/A","#N/A","#N/A",18000.0,Restaurant,false,"#N/A",Pizza Hut,"#N/A","#N/A","#N/A",false,false,"#N/A",Never,"#N/A",false,true,"#N/A",Contract Based,Same,No,"#N/A","#N/A","#N/A","#N/A","#N/A","#N/A","#N/A","#N/A","#N/A",12-3456789,"#N/A",Prospect,"#N/A","#N/A","#N/A","#N/A","#N/A","#N/A","#N/A",false,false,false,"#N/A",false,false
5c5b9808-b9e8-4cc1-8585-6f429aae0f50,"#N/A",3.4292E10,Dallas,United States,"#N/A","#N/A","#N/A","#N/A",75225-6142,TX,8111 Westchester Dr # 600,"#N/A","#N/A",Mammoth Pictures is the leader in Media in Dallas,"#N/A","#N/A",Media,false,"#N/A",Fliptune,"#N/A","#N/A",1.214.981.0700,false,false,"#N/A",Never,"#N/A",false,true,"#N/A",Contract Based,Same,No,"#N/A","#N/A","#N/A","#N/A","#N/A","#N/A","#N/A","#N/A","#N/A","#N/A","#N/A",Customer,"#N/A","#N/A","#N/A","#N/A","#N/A","#N/A","#N/A",false,false,false,"#N/A",false,false
5d195f59-13a7-4221-947c-a90bcd546eb7,"#N/A",2.8987E10,New York,United States,"#N/A","#N/A","#N/A","#N/A",10036-8701,NY,1211 Ave of The Americas,"#N/A","#N/A",Enginomics is the leader in Automotive in New York,"#N/A","#N/A",Automotive,false,"#N/A",Twiyo,"#N/A","#N/A",1.212.852.7000,false,false,"#N/A",Never,"#N/A",false,true,"#N/A",Contract Based,Same,No,"#N/A","#N/A","#N/A","#N/A","#N/A","#N/A","#N/A",178 Campbell Parade,"#N/A","#N/A","#N/A",Customer,"#N/A","#N/A","#N/A","#N/A","#N/A","#N/A","#N/A",false,false,false,"#N/A",false,false
60a5a87b-02c1-473f-8f7c-a1797bbe7f61,"#N/A",6.26746894E8,Chatswood,Australia,"#N/A","#N/A","#N/A","#N/A",2057,NSW,6/14-16 Freeman Rd,"#N/A","#N/A",Omni Consimer Products is the leader in Government in Chatswood,"#N/A","#N/A",Government,false,"#N/A",Mynte,"#N/A","#N/A",(02) 6453 6240,false,false,"#N/A",Never,"#N/A",false,true,"#N/A",Contract Based,Same,No,Chatswood,Australia,"#N/A","#N/A","#N/A",2057,NSW,6/14-16 Freeman Rd,"#N/A","#N/A","#N/A",Customer,"#N/A","#N/A","#N/A","#N/A","#N/A","#N/A","#N/A",false,false,false,"#N/A",false,false
6234d086-998d-42f6-bfa2-036b220ef7b7,"#N/A",1.01006E11,New York,United States,"#N/A","#N/A","#N/A","#N/A",10017-2014,NY,270 Park Ave,"#N/A","#N/A",Human Rights Defense Fund is the leader in Non Profit in New York,"#N/A","#N/A",Non Profit,false,"#N/A",Jetpulse,"#N/A","#N/A",1.212.270.6000,false,false,"#N/A",Never,"#N/A",false,true,"#N/A",Contract Based,Same,No,"#N/A","#N/A","#N/A","#N/A","#N/A","#N/A","#N/A","#N/A","#N/A","#N/A","#N/A",Customer,"#N/A","#N/A","#N/A","#N/A","#N/A","#N/A","#N/A",false,false,false,"#N/A",false,false
6429b20d-af82-4cba-bc2e-68bb3a6e9932,"#N/A",3.9528E10,Richfield,United States,"#N/A","#N/A","#N/A","#N/A",55423-3683,MN,7601 Penn Ave S,"#N/A","#N/A","Kustodial Services, LLC is the leader in Services in Richfield","#N/A","#N/A",Services,false,"#N/A",Avaveo,"#N/A","#N/A",1.612.291.1000,false,false,"#N/A",Never,"#N/A",false,true,"#N/A",Contract Based,Same,No,"#N/A","#N/A","#N/A","#N/A","#N/A","#N/A","#N/A","#N/A","#N/A","#N/A","#N/A",Customer,"#N/A","#N/A","#N/A","#N/A","#N/A","#N/A","#N/A",false,false,false,"#N/A",false,false
6651515b-4326-4f26-ae55-af7e17ba4eee,"#N/A",1.46801E11,Dallas,United States,"#N/A","#N/A","#N/A","#N/A",75202-4295,TX,208 S Akard St,"#N/A","#N/A","Regal Machine, Inc. is the leader in Automotive in Dallas","#N/A","#N/A",Automotive,false,"#N/A",Eadel,"#N/A","#N/A",1.210.821.4105,false,false,"#N/A",Never,"#N/A",false,true,"#N/A",Contract Based,Same,No,"#N/A","#N/A","#N/A","#N/A","#N/A","#N/A","#N/A","#N/A","#N/A","#N/A","#N/A",Customer,"#N/A","#N/A","#N/A","#N/A","#N/A","#N/A","#N/A",false,false,false,"#N/A",false,false
689f1903-cade-427c-994a-f335e7840791,"#N/A",2.5146E10,Hoffman Estates,United States,"#N/A","#N/A","#N/A","#N/A",60179-0001,IL,3333 Beverly Rd,"#N/A","#N/A",SocialScaling is the leader in Communications in Hoffman Estates,"#N/A","#N/A",Communications,false,"#N/A",Jabbersphere,"#N/A","#N/A",1.847.286.2500,false,false,"#N/A",Never,"#N/A",false,true,"#N/A",Contract Based,Same,No,"#N/A","#N/A","#N/A","#N/A","#N/A","#N/A","#N/A","#N/A","#N/A","#N/A","#N/A",Customer,"#N/A","#N/A","#N/A","#N/A","#N/A","#N/A","#N/A",false,false,false,"#N/A",false,false
6a45427d-14a8-4d24-b184-ea50cefa3b04,"#N/A",5.25079613E8,Paris,France,"#N/A","#N/A","#N/A","#N/A","#N/A",Paris,30 Avenue Montaigne,"#N/A","#N/A",St. Francis South Side is the leader in Healthcare in Paris,"#N/A","#N/A",Healthcare,false,"#N/A",Edgepulse,"#N/A","#N/A","#N/A",false,false,"#N/A",Never,"#N/A",false,true,"#N/A",Contract Based,Same,No,"#N/A","#N/A","#N/A","#N/A","#N/A","#N/A","#N/A","#N/A","#N/A","#N/A","#N/A",Customer,"#N/A","#N/A","#N/A","#N/A","#N/A","#N/A","#N/A",false,false,false,"#N/A",false,false
6af3732e-508c-47fa-bd6d-1a8620d2ef95,"#N/A","#N/A",San Francisco,USA,ap@salesforce.com,"#N/A","#N/A","#N/A",94105,CA,"The Landmark @ One Market, Suite 300",33.0,"#N/A","Founded in March 1999, salesforce.com (http://www.salesforce.com) builds and delivers customer relationship management (CRM) applications as scalable online services. The salesforce.com product suite - Team Edition, Professional Edition, Enterprise Edition, Wireless Edition and Offline Edition - gives companies of all sizes a complete 360-degree view of the customer. The company's award-winning CRM solutions provide integrated online sales force automation, customer service and support management, and marketing automation applications to help companies meet the complex challenges of global customer communication. Salesforce.com has received considerable recognition in the industry, including Editors' Choice and two Five-Star ratings from PC Magazine, two Deploy Awards from InfoWorld, Red Herring 100, Upside Hot 100, Investor's Choice Award from Enterprise Outlook, Editors' Choice from TMCLabs, Top 10 CRM Implementation from Aberdeen Group, and InfoWorld's 2001 CRM Technology of the Year. Founded in 1999, salesforce.com is headquartered in San Francisco, with offices in Europe and Asia.",(415) 901-7040,0.0,Corporate Office,false,"#N/A",salesforce.com,"#N/A","#N/A",(415) 901-7000,false,false,"#N/A","#N/A","#N/A",false,false,"#N/A","#N/A","#N/A","#N/A",San Francisco,USA,"#N/A","#N/A","#N/A",94105,CA,"The Landmark @ One Market, Suite 300","#N/A",12-3456789,"#N/A",Prospect,http://www.salesforce.com,"#N/A","#N/A","#N/A","#N/A","#N/A","#N/A",false,false,false,"#N/A",false,false
71fc6a8f-2297-4c06-9b5e-8820a2cf9779,"#N/A","#N/A","#N/A","#N/A",billing@amc.com,"#N/A","#N/A","#N/A","#N/A","#N/A","#N/A",978.0,"#N/A","#N/A","#N/A",0.0,Entertainment,false,"#N/A",AMC Entertainment,4408,"#N/A","#N/A",false,false,"#N/A",Never,"#N/A",false,true,"#N/A",Contract Based,Same,No,"#N/A","#N/A","#N/A","#N/A","#N/A","#N/A","#N/A","#N/A","#N/A",12-3456789,"#N/A",Customer,"#N/A","#N/A","#N/A","#N/A","#N/A","#N/A","#N/A",false,false,false,"#N/A",false,false
7220021b-8182-4104-98fb-b7fbff6e0e44,"#N/A",2.8711E10,San Antonio,United States,"#N/A","#N/A","#N/A","#N/A",78259-1834,TX,19100 Ridgewood Pkwy,"#N/A","#N/A",General Products is the leader in Consumer Goods in San Antonio,"#N/A","#N/A",Consumer Goods,false,"#N/A",Pixoboo,"#N/A","#N/A",1.210.626.6000,false,false,"#N/A",Never,"#N/A",false,true,"#N/A",Contract Based,Same,No,Cary,US,"#N/A","#N/A","#N/A",27512-8016,NC,P.O. BOX 8016,"#N/A","#N/A","#N/A",Customer,"#N/A","#N/A","#N/A","#N/A","#N/A","#N/A","#N/A",false,false,false,"#N/A",false,false
72cb50de-bae3-41af-8cab-44105f1fc019,"#N/A",1.02531E11,Dublin,United States,"#N/A","#N/A","#N/A","#N/A",43017-1091,OH,7000 Cardinal Pl,"#N/A","#N/A",Sombra Corporation is the leader in Construction in Dublin,"#N/A","#N/A",Construction,false,"#N/A",Eazzy,"#N/A","#N/A",1.614.757.5000,false,false,"#N/A",Never,"#N/A",false,true,"#N/A",Contract Based,Same,No,"#N/A","#N/A","#N/A","#N/A","#N/A","#N/A","#N/A","#N/A","#N/A","#N/A","#N/A",Prospect,"#N/A","#N/A","#N/A","#N/A","#N/A","#N/A","#N/A",false,false,false,"#N/A",false,false
737d034c-e5b4-480d-854f-406b9a7076eb,"#N/A",4.8778E10,Midland,United States,"#N/A","#N/A","#N/A","#N/A",48674-1500,MI,2030 Dow Ctr,"#N/A","#N/A",Computico Labs is the leader in Technology in Midland,"#N/A","#N/A",Technology,false,"#N/A",Kamba,"#N/A","#N/A",1.989.636.1000,false,false,"#N/A",Never,"#N/A",false,true,"#N/A",Contract Based,Same,No,"#N/A","#N/A","#N/A","#N/A","#N/A","#N/A","#N/A","#N/A","#N/A","#N/A","#N/A",Prospect,"#N/A","#N/A","#N/A","#N/A","#N/A","#N/A","#N/A",false,false,false,"#N/A",false,false
75c0d53e-2305-42f8-960e-5422e74a1756,"#N/A",9.0033E10,San Francisco,United States,"#N/A","#N/A","#N/A","#N/A",94104-1205,CA,420 Montgomery St Frnt,"#N/A","#N/A",Cryptocurrents is the leader in Financial Services in San Francisco,"#N/A","#N/A",Financial Services,false,"#N/A",Trunyx,"#N/A","#N/A",1.866.878.5865,false,false,"#N/A",Never,"#N/A",false,true,"#N/A",Contract Based,Same,No,"#N/A","#N/A","#N/A","#N/A","#N/A","#N/A","#N/A",420 Montgomery St Frnt,"#N/A","#N/A","#N/A",Prospect,"#N/A","#N/A","#N/A","#N/A","#N/A","#N/A","#N/A",false,false,false,"#N/A",false,false
7607f3cf-8414-4472-b7ff-e43bb70d58e8,"#N/A","#N/A","#N/A","#N/A",billing@cedarpoint.com,"#N/A","#N/A","#N/A","#N/A",OH,"#N/A",1.0,"#N/A","#N/A","#N/A",0.0,Entertainment,false,"#N/A",Cedar Point,2600,"#N/A","#N/A",false,false,"#N/A",Never,"#N/A",false,true,"#N/A",Contract Based,Same,No,"#N/A","#N/A","#N/A","#N/A","#N/A","#N/A","#N/A","#N/A","#N/A",12-3456789,"#N/A",Customer,"#N/A","#N/A","#N/A","#N/A","#N/A","#N/A","#N/A",false,false,false,"#N/A",false,false
77bed07a-76b5-4125-af8a-875289d2a13e,"#N/A","#N/A","#N/A","#N/A",ap@sixflags.com,"#N/A","#N/A","#N/A","#N/A",TX,"#N/A",26.0,"#N/A","#N/A","#N/A",0.0,Entertainment,false,"#N/A",Six Flags Entertainment,"#N/A","#N/A","#N/A",false,false,"#N/A",Never,"#N/A",false,true,"#N/A",Contract Based,Same,No,"#N/A","#N/A","#N/A","#N/A","#N/A","#N/A","#N/A","#N/A","#N/A",12-3456789,"#N/A",Prospect,"#N/A","#N/A","#N/A","#N/A","#N/A","#N/A","#N/A",false,false,false,"#N/A",false,false
78580c8b-e189-49a2-a0e5-642a2512aac7,"#N/A",5.6771552999E10,Boise,United States,"#N/A","#N/A","#N/A","#N/A",83706-3999,ID,250 E Parkcenter Blvd,"#N/A","#N/A",Spruik Communications is the leader in Communications in Boise,"#N/A","#N/A",Communications,false,"#N/A",Skyvu,"#N/A","#N/A",1.208.395.6200,false,false,"#N/A",Never,"#N/A",false,true,"#N/A",Contract Based,Same,No,"#N/A","#N/A","#N/A","#N/A","#N/A","#N/A","#N/A","#N/A","#N/A","#N/A","#N/A",Prospect,"#N/A","#N/A","#N/A","#N/A","#N/A","#N/A","#N/A",false,false,false,"#N/A",false,false
7b8c89ef-56a6-43b1-a29e-ed9c00a43285,"#N/A",9.05588171E8,Lansvale,Australia,"#N/A","#N/A","#N/A","#N/A",2166,NSW,4 Riverside Rd,"#N/A","#N/A",Sixty Second Avenue is the leader in Agriculture in Lansvale,"#N/A","#N/A",Agriculture,false,"#N/A",Zoomlounge,"#N/A","#N/A",(02) 6837 7271,false,false,"#N/A",Never,"#N/A",false,true,"#N/A",Contract Based,Same,No,Lansvale,Australia,"#N/A","#N/A","#N/A",2166,NSW,4 Riverside Rd,"#N/A","#N/A","#N/A",Customer,"#N/A","#N/A","#N/A","#N/A","#N/A","#N/A","#N/A",false,false,false,"#N/A",false,false
7bc20484-a6ed-4ea0-b597-4fdc8ce05c39,"#N/A",1.49558E11,Dearborn,United States,"#N/A","#N/A","#N/A","#N/A",48126-2701,MI,1 American Rd,"#N/A","#N/A","Tension, Inc. is the leader in Energy in Dearborn","#N/A","#N/A",Energy,false,"#N/A",Gabtype,"#N/A","#N/A",1.313.322.3000,false,false,"#N/A",Never,"#N/A",false,true,"#N/A",Contract Based,Same,No,Dearborn,US,"#N/A","#N/A","#N/A",48121-0685,MI,P.O. BOX 685,"#N/A","#N/A","#N/A",Customer,"#N/A","#N/A","#N/A","#N/A","#N/A","#N/A","#N/A",false,false,false,"#N/A",false,false
7bde0149-7327-4349-b6ca-9bcca338d7b5,"#N/A",2.55815146E8,Baden-Württemberg,Germany,"#N/A","#N/A","#N/A","#N/A","#N/A",Stuttgart,70173,"#N/A","#N/A",St Francis West Side is the leader in Healthcare in Baden-Württemberg,"#N/A","#N/A",Healthcare,false,"#N/A",Skaboo,"#N/A","#N/A","#N/A",false,false,"#N/A",Never,"#N/A",false,true,"#N/A",Contract Based,Same,No,"#N/A","#N/A","#N/A","#N/A","#N/A","#N/A","#N/A","#N/A","#N/A","#N/A","#N/A",Customer,"#N/A","#N/A","#N/A","#N/A","#N/A","#N/A","#N/A",false,false,false,"#N/A",false,false
7bf088a6-28fe-4372-807e-17280640d529,"#N/A",2.9588767E7,New Bedford,United States,"#N/A","#N/A","#N/A","#N/A",2745,MA,53 Park Meadow Pass,"#N/A","#N/A","#N/A","#N/A","#N/A",Insurance,false,"#N/A",Realblab,"#N/A","#N/A","#N/A",false,false,"#N/A",Never,"#N/A",false,true,"#N/A",Contract Based,Same,No,"#N/A","#N/A","#N/A","#N/A","#N/A","#N/A","#N/A","#N/A","#N/A","#N/A","#N/A",Prospect,"#N/A","#N/A","#N/A","#N/A","#N/A","#N/A","#N/A",false,false,false,"#N/A",false,false
7eee1436-3087-475c-b191-344f20c4ad0c,"#N/A",8.4202995E8,North Rhine-Westphalia,Germany,"#N/A","#N/A","#N/A","#N/A","#N/A",Leverkusen,51368 Leverkusen,"#N/A","#N/A",SpringShield is the leader in Banking in North Rhine-Westphalia,"#N/A","#N/A",Banking,false,"#N/A",Fanoodle,"#N/A","#N/A","#N/A",false,false,"#N/A",Never,"#N/A",false,true,"#N/A",Contract Based,Same,No,"#N/A","#N/A","#N/A","#N/A","#N/A","#N/A","#N/A","#N/A","#N/A","#N/A","#N/A",Prospect,"#N/A","#N/A","#N/A","#N/A","#N/A","#N/A","#N/A",false,false,false,"#N/A",false,false
84b75f88-afd4-4b79-b830-1cc8636b6894,"#N/A",4.1373E10,Springdale,United States,"#N/A","#N/A","#N/A","#N/A",72762-6901,AR,2200 W Don Tyson Pkwy,"#N/A","#N/A",Newslync is the leader in Media in Springdale,"#N/A","#N/A",Media,false,"#N/A",Meevee,"#N/A","#N/A",1.479.290.4000,false,false,"#N/A",Never,"#N/A",false,true,"#N/A",Contract Based,Same,No,Springdale,US,"#N/A","#N/A","#N/A",72765-2020,AR,P.O. BOX 2020,"#N/A","#N/A","#N/A",Customer,"#N/A","#N/A","#N/A","#N/A","#N/A","#N/A","#N/A",false,false,false,"#N/A",false,false
84decde2-d358-4378-8b14-c9d64c2f8082,"#N/A","#N/A",Broomfield,USA,"#N/A","#N/A","#N/A","#N/A",80020,Colorado,1234 Hilltop Road,"#N/A","#N/A",Adams Household is the leader in Healthcare in Broomfield,"#N/A","#N/A",Healthcare,false,"#N/A",Gabtune,"#N/A","#N/A",(720) 562-5896,false,false,"#N/A",Never,"#N/A",false,true,"#N/A",Contract Based,Same,No,"#N/A","#N/A","#N/A","#N/A","#N/A","#N/A","#N/A","#N/A","#N/A","#N/A","#N/A",Prospect,"#N/A","#N/A","#N/A","#N/A","#N/A","#N/A","#N/A",false,false,false,"#N/A",false,false
850e0134-1a63-400a-9471-6aba667cbce5,"#N/A",6.52105621E8,Ettalong Beach,Australia,"#N/A","#N/A","#N/A","#N/A",2257,NSW,356 Ocean View Rd,"#N/A","#N/A",Mainway Toys is the leader in Retail in Ettalong Beach,"#N/A","#N/A",Retail,false,"#N/A",Podcat,"#N/A","#N/A",(02) 7575 8703,false,false,"#N/A",Never,"#N/A",false,true,"#N/A",Contract Based,Same,No,Ettalong Beach,Australia,"#N/A","#N/A","#N/A",2257,NSW,356 Ocean View Rd,"#N/A","#N/A","#N/A",Prospect,"#N/A","#N/A","#N/A","#N/A","#N/A","#N/A","#N/A",false,false,false,"#N/A",false,false
852e8915-4e2a-4e6a-baea-86a91ee1ed8b,"#N/A",4.9892102E7,Balgowlah,Australia,"#N/A","#N/A","#N/A","#N/A",2093,NSW,2/11 Boyle St,"#N/A","#N/A",Smith and Co. is the leader in Transportation in Balgowlah,"#N/A","#N/A",Transportation,false,"#N/A",Kimia,"#N/A","#N/A",(02) 6512 8801,false,false,"#N/A",Never,"#N/A",false,true,"#N/A",Contract Based,Same,No,Balgowlah,Australia,"#N/A","#N/A","#N/A",2093,NSW,2/11 Boyle St,"#N/A","#N/A","#N/A",Customer,"#N/A","#N/A","#N/A","#N/A","#N/A","#N/A","#N/A",false,false,false,"#N/A",false,false
8685816f-a27e-44fe-b58f-0b3114948a2c,"#N/A",9.3056E10,Charlotte,United States,"#N/A","#N/A","#N/A","#N/A",28202-4031,NC,100 N Tryon St Ste 220,"#N/A","#N/A",Velso International is the leader in Manufacturing in Charlotte,"#N/A","#N/A",Manufacturing,false,"#N/A",Dynazzy,"#N/A","#N/A",1.704.386.5681,false,false,"#N/A",Never,"#N/A",false,true,"#N/A",Contract Based,Same,No,"#N/A","#N/A","#N/A","#N/A","#N/A","#N/A","#N/A","#N/A","#N/A","#N/A","#N/A",Customer,"#N/A","#N/A","#N/A","#N/A","#N/A","#N/A","#N/A",false,false,false,"#N/A",false,false
86b6ae20-35f3-40dc-92cd-7dff4dcaae92,"#N/A",3.8581E10,Morris Plains,United States,"#N/A","#N/A","#N/A","#N/A",07950-2546,NJ,115 Tabor Rd,"#N/A","#N/A",Jupiter Consulting is the leader in Energy in Morris Plains,"#N/A","#N/A",Energy,false,"#N/A",Uidoo,"#N/A","#N/A",1.973.455.2000,false,false,"#N/A",Never,"#N/A",false,true,"#N/A",Contract Based,Same,No,"#N/A","#N/A","#N/A","#N/A","#N/A","#N/A","#N/A","#N/A","#N/A","#N/A","#N/A",Customer,"#N/A","#N/A","#N/A","#N/A","#N/A","#N/A","#N/A",false,false,false,"#N/A",false,false
88715f36-5288-4fb7-a0ed-d31cddfdb09c,"#N/A",3.7179E10,Milwaukee,United States,"#N/A","#N/A","#N/A","#N/A",53209-4408,WI,5757 N Green Bay Ave,"#N/A","#N/A",General Forge and Foundry is the leader in Machinery in Milwaukee,"#N/A","#N/A",Machinery,false,"#N/A",Voomm,"#N/A","#N/A",1.414.524.1200,false,false,"#N/A",Never,"#N/A",false,true,"#N/A",Contract Based,Same,No,Milwaukee,US,"#N/A","#N/A","#N/A",53201-0591,WI,P.O. BOX 591,"#N/A","#N/A","#N/A",Prospect,"#N/A","#N/A","#N/A","#N/A","#N/A","#N/A","#N/A",false,false,false,"#N/A",false,false
89b802f9-82be-490e-a60b-694782e1f6f9,"#N/A",6.8846673E7,Como,Australia,"#N/A","#N/A","#N/A","#N/A",2226,NSW,67 Como Pde,"#N/A","#N/A",Megadodo Publications is the leader in Consulting in Como,"#N/A","#N/A",Consulting,false,"#N/A",Jaxspan,"#N/A","#N/A",(02) 6849 6177,false,false,"#N/A",Never,"#N/A",false,true,"#N/A",Contract Based,Same,No,Como,Australia,"#N/A","#N/A","#N/A",2226,NSW,67 Como Pde,"#N/A","#N/A","#N/A",Prospect,"#N/A","#N/A","#N/A","#N/A","#N/A","#N/A","#N/A",false,false,false,"#N/A",false,false
8e0dd34c-43c1-4f28-8230-5f94238369ee,"#N/A",2.88628E10,Moline,United States,"#N/A","#N/A","#N/A","#N/A",61265-8098,IL,1 John Deere Pl,"#N/A","#N/A",Fastforward Software is the leader in Technology in Moline,"#N/A","#N/A",Technology,false,"#N/A",Tazz,"#N/A","#N/A",1.309.765.8000,false,false,"#N/A",Never,"#N/A",false,true,"#N/A",Contract Based,Same,No,"#N/A","#N/A","#N/A","#N/A","#N/A","#N/A","#N/A","#N/A","#N/A","#N/A","#N/A",Customer,"#N/A","#N/A","#N/A","#N/A","#N/A","#N/A","#N/A",false,false,false,"#N/A",false,false
8f13ae4c-7b35-49ff-b300-229a3eb42085,"#N/A",1222212.0,Indianapolis,United States,"#N/A","#N/A","#N/A","#N/A",46202,IN,71 Miller Hill,"#N/A","#N/A","#N/A","#N/A","#N/A",Utilities,false,"#N/A",Jabbertype,"#N/A","#N/A","#N/A",false,false,"#N/A",Never,"#N/A",false,true,"#N/A",Contract Based,Same,No,"#N/A","#N/A","#N/A","#N/A","#N/A","#N/A","#N/A","#N/A","#N/A","#N/A","#N/A",Prospect,"#N/A","#N/A","#N/A","#N/A","#N/A","#N/A","#N/A",false,false,false,"#N/A",false,false
8fbbcd59-0aa4-49bf-9dc0-be34277e764d,"#N/A",4.099E10,Fort Worth,United States,"#N/A","#N/A","#N/A","#N/A",76155-2664,TX,4333 Amon Carter Blvd,"#N/A","#N/A",Primary Printing is the leader in Media in Fort Worth,"#N/A","#N/A",Media,false,"#N/A",Zazio,"#N/A","#N/A",1.817.963.1234,false,false,"#N/A",Never,"#N/A",false,true,"#N/A",Contract Based,Same,No,Dallas,US,"#N/A","#N/A","#N/A",75261-9616,TX,P.O. BOX 619616,"#N/A","#N/A","#N/A",Prospect,"#N/A","#N/A","#N/A","#N/A","#N/A","#N/A","#N/A",false,false,false,"#N/A",false,false
9149b8d0-693b-4975-b4c3-2b66d0435247,"#N/A",3.2618759E10,Lakeland,United States,"#N/A","#N/A","#N/A","#N/A",33811-3311,FL,3300 Publix Corp Pkwy,"#N/A","#N/A","Mecurial, Inc. is the leader in Retail in Lakeland","#N/A","#N/A",Retail,false,"#N/A",Skyba,"#N/A","#N/A",1.863.688.1188,false,false,"#N/A",Never,"#N/A",false,true,"#N/A",Contract Based,Same,No,Lakeland,US,"#N/A","#N/A","#N/A",33802-0407,FL,P.O. BOX 407,"#N/A","#N/A","#N/A",Customer,"#N/A","#N/A","#N/A","#N/A","#N/A","#N/A","#N/A",false,false,false,"#N/A",false,false
95035625-cacd-47a3-8ca0-bace829b4f8c,"#N/A",2.3697E10,New York,United States,"#N/A","#N/A","#N/A","#N/A",10023-5860,NY,60 Columbus Cir FL 17,"#N/A","#N/A",Thrift Bank is the leader in Finance in New York,"#N/A","#N/A",Finance,false,"#N/A",Jaxworks,"#N/A","#N/A",1.212.364.8200,false,false,"#N/A",Never,"#N/A",false,true,"#N/A",Contract Based,Same,No,"#N/A","#N/A","#N/A","#N/A","#N/A","#N/A","#N/A",6/10 Mount St,"#N/A","#N/A","#N/A",Customer,"#N/A","#N/A","#N/A","#N/A","#N/A","#N/A","#N/A",false,false,false,"#N/A",false,false
95d8621f-ba84-4889-977d-5ee3a4ae1c4d,"#N/A",6.39903177E8,Sydney,Australia,"#N/A","#N/A","#N/A","#N/A",2007,NSW,390 Harris Street,"#N/A","#N/A",Petrox Oil Company is the leader in Energy in Sydney,"#N/A","#N/A",Energy,false,"#N/A",Kwideo,"#N/A","#N/A",(02) 7948 6474,false,false,"#N/A",Never,"#N/A",false,true,"#N/A",Contract Based,Same,No,Sydney,Australia,"#N/A","#N/A","#N/A",2007,NSW,390 Harris Street,"#N/A","#N/A","#N/A",Customer,"#N/A","#N/A","#N/A","#N/A","#N/A","#N/A","#N/A",false,false,false,"#N/A",false,false
96fbf306-4ce1-48d3-99c0-a2304ca5e6b0,"#N/A",3.4441E10,New York,United States,"#N/A","#N/A","#N/A","#N/A",10285-0002,NY,200 Vesey St,"#N/A","#N/A",Walken Group is the leader in Consumer Goods in New York,"#N/A","#N/A",Consumer Goods,false,"#N/A",JumpXS,"#N/A","#N/A",1.212.640.2000,false,false,"#N/A",Never,"#N/A",false,true,"#N/A",Contract Based,Same,No,"#N/A","#N/A","#N/A","#N/A","#N/A","#N/A","#N/A","#N/A","#N/A","#N/A","#N/A",Prospect,"#N/A","#N/A","#N/A","#N/A","#N/A","#N/A","#N/A",false,false,false,"#N/A",false,false
9727a6b4-dc86-4539-9964-9760a4fa76de,"#N/A",3308479.0,Sioux City,United States,"#N/A","#N/A","#N/A","#N/A",51105,OH,574 Duke Circle,"#N/A","#N/A","#N/A","#N/A","#N/A",Financial Services,false,"#N/A",Blogspan,"#N/A","#N/A","#N/A",false,false,"#N/A",Never,"#N/A",false,true,"#N/A",Contract Based,Same,No,"#N/A","#N/A","#N/A","#N/A","#N/A","#N/A","#N/A","#N/A","#N/A","#N/A","#N/A",Prospect,"#N/A","#N/A","#N/A","#N/A","#N/A","#N/A","#N/A",false,false,false,"#N/A",false,false
9752dd3d-a107-4efa-b8f9-4c9f592abdec,"#N/A","#N/A",Brighton,USA,"#N/A","#N/A","#N/A","#N/A",80020,Colorado,5678 Victory Rd,"#N/A","#N/A",Alexa Roberts is the leader in Machinery in Brighton,"#N/A","#N/A",Machinery,false,"#N/A",Dabtype,"#N/A","#N/A","#N/A",false,false,"#N/A",Never,"#N/A",false,true,"#N/A",Contract Based,Same,No,"#N/A","#N/A","#N/A","#N/A","#N/A","#N/A","#N/A","#N/A","#N/A","#N/A","#N/A",Prospect,"#N/A","#N/A","#N/A","#N/A","#N/A","#N/A","#N/A",false,false,false,"#N/A",false,false
98491fdc-ec70-4799-b9d8-2f95a83627db,"#N/A",5.6098E10,Farmington,United States,"#N/A","#N/A","#N/A","#N/A",06032-2577,CT,10 Farm Springs Rd,"#N/A","#N/A",Tungsten Security Services is the leader in Transportation in Farmington,"#N/A","#N/A",Transportation,false,"#N/A",Centimia,"#N/A","#N/A",1.860.728.7000,false,false,"#N/A",Never,"#N/A",false,true,"#N/A",Contract Based,Same,No,"#N/A","#N/A","#N/A","#N/A","#N/A","#N/A","#N/A","#N/A","#N/A","#N/A","#N/A",Customer,"#N/A","#N/A","#N/A","#N/A","#N/A","#N/A","#N/A",false,false,false,"#N/A",false,false
98dc0266-6271-4a99-9606-f1c61ae266bc,"#N/A",2.38658603E8,Redcliffe,Australia,"#N/A","#N/A","#N/A","#N/A",4020,QLD,5/19-21 Shields St,"#N/A","#N/A",Matt Stecklein Hospital is the leader in Healthcare in Redcliffe,"#N/A","#N/A",Healthcare,false,"#N/A",Omba,"#N/A","#N/A",(07) 7859 6584,false,false,"#N/A",Never,"#N/A",false,true,"#N/A",Contract Based,Same,No,Redcliffe,Australia,"#N/A","#N/A","#N/A",4020,QLD,5/19-21 Shields St,"#N/A","#N/A","#N/A",Customer,"#N/A","#N/A","#N/A","#N/A","#N/A","#N/A","#N/A",false,false,false,"#N/A",false,false
9b4abb33-7b44-4c80-b5da-79e77cf4c29f,"#N/A",1.3162E11,New York,United States,"#N/A","#N/A","#N/A","#N/A",10036-6704,NY,1095 Ave of The Americas,"#N/A","#N/A",Colonial Movers is the leader in Services in New York,"#N/A","#N/A",Services,false,"#N/A",Kazu,"#N/A","#N/A",1.212.395.1000,false,false,"#N/A",Never,"#N/A",false,true,"#N/A",Contract Based,Same,No,"#N/A","#N/A","#N/A","#N/A","#N/A","#N/A","#N/A","#N/A","#N/A","#N/A","#N/A",Prospect,"#N/A","#N/A","#N/A","#N/A","#N/A","#N/A","#N/A",false,false,false,"#N/A",false,false
9c080cfa-4141-496d-b833-49bb8d8a1648,"#N/A",3.0944938E10,Framingham,United States,"#N/A","#N/A","#N/A","#N/A",01701-4698,MA,770 Cochituate Rd Ste 1,"#N/A","#N/A",Prandial Foods is the leader in Consumer Goods in Framingham,"#N/A","#N/A",Consumer Goods,false,"#N/A",Yodel,"#N/A","#N/A",1.508.390.1000,false,false,"#N/A",Never,"#N/A",false,true,"#N/A",Contract Based,Same,No,Framingham,US,"#N/A","#N/A","#N/A",01701-9133,MA,P.O. BOX 9133,"#N/A","#N/A","#N/A",Customer,"#N/A","#N/A","#N/A","#N/A","#N/A","#N/A","#N/A",false,false,false,"#N/A",false,false
9c448add-1908-4793-89ce-f2e98ddf6988,"#N/A",6.524859542E9,Palo Alto,United States,"#N/A","#N/A","#N/A","#N/A",35265,CA,3500 Deer Creek Road,"#N/A","#N/A",123 Warehousing is the leader in Shipping in Palo Alto,"#N/A","#N/A",Shipping,false,"#N/A",Camimbo,"#N/A","#N/A",5552652358,false,false,"#N/A",Never,"#N/A",false,true,"#N/A",Contract Based,Same,No,"#N/A","#N/A","#N/A","#N/A","#N/A","#N/A","#N/A","#N/A","#N/A","#N/A","#N/A",Customer,"#N/A","#N/A","#N/A","#N/A","#N/A","#N/A","#N/A",false,false,false,"#N/A",false,false
9fa9c141-6b6b-417b-8567-d8c2d74c5243,"#N/A",7.9457611E7,Paris,France,"#N/A","#N/A","#N/A","#N/A","#N/A",Paris,75716,"#N/A","#N/A",Sto Plains Holdings is the leader in Agriculture in Paris,"#N/A","#N/A",Agriculture,false,"#N/A",Plambee,"#N/A","#N/A","#N/A",false,false,"#N/A",Never,"#N/A",false,true,"#N/A",Contract Based,Same,No,"#N/A","#N/A","#N/A","#N/A","#N/A","#N/A","#N/A","#N/A","#N/A","#N/A","#N/A",Customer,"#N/A","#N/A","#N/A","#N/A","#N/A","#N/A","#N/A",false,false,false,"#N/A",false,false
a05c337c-bea6-4e89-912b-5849ac174b30,"#N/A","#N/A","#N/A","#N/A",accounting@ihg.com.invalid.invalid,"#N/A","#N/A","#N/A","#N/A","#N/A","#N/A",2950.0,"#N/A","#N/A","#N/A",3000.0,Hospitality,false,"#N/A",IHG Hotels & Resorts,9636,"#N/A","#N/A",false,false,"#N/A",Never,"#N/A",false,true,"#N/A",Contract Based,Same,No,"#N/A","#N/A","#N/A","#N/A","#N/A","#N/A","#N/A","#N/A","#N/A",73-6482303,"#N/A",Prospect,"#N/A","#N/A","#N/A","#N/A","#N/A","#N/A","#N/A",false,false,false,"#N/A",false,false
a359a09c-a282-4f16-8709-11a17c9446e3,"#N/A",1.35962E11,Chesterbrook,United States,"#N/A","#N/A","#N/A","#N/A",19087-5594,PA,1300 Morris Dr Ste 100,"#N/A","#N/A",Apogee Corp. is the leader in Manufacturing in Chesterbrook,"#N/A","#N/A",Manufacturing,false,"#N/A",Divavu,"#N/A","#N/A",1.610.727.7000,false,false,"#N/A",Never,"#N/A",false,true,"#N/A",Contract Based,Same,No,Valley Forge,US,"#N/A","#N/A","#N/A",19482-0959,PA,P.O. BOX 959,"#N/A","#N/A","#N/A",Customer,"#N/A","#N/A","#N/A","#N/A","#N/A","#N/A","#N/A",false,false,false,"#N/A",false,false
a3651e89-2801-4280-b140-9ca17f921d4e,"#N/A",2.21928169E8,Kingsgrove,Australia,"#N/A","#N/A","#N/A","#N/A",1480,NSW,23 Lundy Av,"#N/A","#N/A",Spacely Sprockets is the leader in Technology in Kingsgrove,"#N/A","#N/A",Technology,false,"#N/A",Aibox,"#N/A","#N/A",(02) 6082 8265,false,false,"#N/A",Never,"#N/A",false,true,"#N/A",Contract Based,Same,No,Kingsgrove,Australia,"#N/A","#N/A","#N/A",1480,NSW,23 Lundy Av,"#N/A","#N/A","#N/A",Customer,"#N/A","#N/A","#N/A","#N/A","#N/A","#N/A","#N/A",false,false,false,"#N/A",false,false
a3c7f146-c579-4d94-8351-d9bb0ffb5721,"#N/A",5.4289E10,Louisville,United States,"#N/A","#N/A","#N/A","#N/A",40202-4268,KY,500 W Main St Ste 300,"#N/A","#N/A",Ankh-Sto Associates is the leader in Apparel in Louisville,"#N/A","#N/A",Apparel,false,"#N/A",Topicblab,"#N/A","#N/A",1.502.580.1000,false,false,"#N/A",Never,"#N/A",false,true,"#N/A",Contract Based,Same,No,Louisville,US,"#N/A","#N/A","#N/A",40214-0601,KY,P.O. BOX 14601,"#N/A","#N/A","#N/A",Customer,"#N/A","#N/A","#N/A","#N/A","#N/A","#N/A","#N/A",false,false,false,"#N/A",false,false
a71cb0f1-98d9-4ea7-8e74-3b4bb3374d9a,"#N/A",2.68882E11,Irving,United States,"#N/A","#N/A","#N/A","#N/A",75039-2298,TX,5959 Las Colinas Blvd,"#N/A","#N/A","Custom Metal, LLC is the leader in Automotive in Irving","#N/A","#N/A",Automotive,false,"#N/A",Realfire,"#N/A","#N/A",1.972.444.1000,false,false,"#N/A",Never,"#N/A",false,true,"#N/A",Contract Based,Same,No,"#N/A","#N/A","#N/A","#N/A","#N/A","#N/A","#N/A","#N/A","#N/A","#N/A","#N/A",Customer,"#N/A","#N/A","#N/A","#N/A","#N/A","#N/A","#N/A",false,false,false,"#N/A",false,false
a948532c-dca4-427a-86f7-431463e29ecb,"#N/A",2.3152E10,Houston,United States,"#N/A","#N/A","#N/A","#N/A",77002-4101,TX,333 Clay St Ste 1600,"#N/A","#N/A",Wentworth Industries is the leader in Engineering in Houston,"#N/A","#N/A",Engineering,false,"#N/A",Myworks,"#N/A","#N/A",1.713.646.4100,false,false,"#N/A",Never,"#N/A",false,true,"#N/A",Contract Based,Same,No,"#N/A","#N/A","#N/A","#N/A","#N/A","#N/A","#N/A","#N/A","#N/A","#N/A","#N/A",Customer,"#N/A","#N/A","#N/A","#N/A","#N/A","#N/A","#N/A",false,false,false,"#N/A",false,false
aaa3964b-6292-4bdf-a329-9414b75a43d2,"#N/A",1.78663741E8,Canley Vale,Australia,"#N/A","#N/A","#N/A","#N/A",2166,NSW,66 Beckenham St,"#N/A","#N/A",Mr. Sparkle is the leader in Consulting in Canley Vale,"#N/A","#N/A",Consulting,false,"#N/A",Trudoo,"#N/A","#N/A",(02) 6548 7709,false,false,"#N/A",Never,"#N/A",false,true,"#N/A",Contract Based,Same,No,Canley Vale,Australia,"#N/A","#N/A","#N/A",2166,NSW,66 Beckenham St,"#N/A","#N/A","#N/A",Customer,"#N/A","#N/A","#N/A","#N/A","#N/A","#N/A","#N/A",false,false,false,"#N/A",false,false
ac8d5766-29c9-4b57-bf35-8335a4b240c1,"#N/A","#N/A","#N/A","#N/A",ap@shakeshak.com,"#N/A","#N/A","#N/A","#N/A","#N/A","#N/A",168.0,"#N/A","#N/A","#N/A",0.0,Restaurant,false,"#N/A",Shake Shack,"#N/A","#N/A","#N/A",false,false,"#N/A",Never,"#N/A",false,true,"#N/A",Contract Based,Same,No,"#N/A","#N/A","#N/A","#N/A","#N/A","#N/A","#N/A","#N/A","#N/A",12-3456789,"#N/A",Customer,"#N/A","#N/A","#N/A","#N/A","#N/A","#N/A","#N/A",false,false,false,"#N/A",false,false
ac9a8dad-559c-4927-9818-b5841fa186c6,"#N/A",7.41215097E8,Osaka,Japan,"#N/A","#N/A","#N/A","#N/A","#N/A","#N/A","1006, Oaza Kadoma","#N/A","#N/A",TSM South is the leader in Healthcare,"#N/A","#N/A",Healthcare,false,"#N/A",Flipbug,"#N/A","#N/A","#N/A",false,false,"#N/A",Never,"#N/A",false,true,"#N/A",Contract Based,Same,No,"#N/A","#N/A","#N/A","#N/A","#N/A","#N/A","#N/A","#N/A","#N/A","#N/A","#N/A",Prospect,"#N/A","#N/A","#N/A","#N/A","#N/A","#N/A","#N/A",false,false,false,"#N/A",false,false
ad970b51-c66b-48a3-bd16-446ce4994cb3,"#N/A",4.77757321E8,Sydney,Australia,"#N/A","#N/A","#N/A","#N/A",2000,NSW,200 George Street,"#N/A","#N/A",Corellian Engineering Corporation is the leader in Machinery in Sydney,"#N/A","#N/A",Machinery,false,"#N/A",Zoombox,"#N/A","#N/A",(02) 8858 6163,false,false,"#N/A",Never,"#N/A",false,true,"#N/A",Contract Based,Same,No,Sydney,Australia,"#N/A","#N/A","#N/A",2000,NSW,200 George Street,"#N/A","#N/A","#N/A",Customer,"#N/A","#N/A","#N/A","#N/A","#N/A","#N/A","#N/A",false,false,false,"#N/A",false,false
adeb037b-6081-494e-b722-d522890e8a14,"#N/A",1.38477E11,San Ramon,United States,"#N/A","#N/A","#N/A","#N/A",94583-2324,CA,6001 Bollinger Canyon Rd,"#N/A","#N/A",Audioshore is the leader in Technology in San Ramon,"#N/A","#N/A",Technology,false,"#N/A",Noba,"#N/A","#N/A",1.925.842.1000,false,false,"#N/A",Never,"#N/A",false,true,"#N/A",Contract Based,Same,No,"#N/A","#N/A","#N/A","#N/A","#N/A","#N/A","#N/A","#N/A","#N/A","#N/A","#N/A",Customer,"#N/A","#N/A","#N/A","#N/A","#N/A","#N/A","#N/A",false,false,false,"#N/A",false,false
b141d67c-e329-44ae-9db0-1aa92e16ff98,"#N/A",7.70881668E8,Melbourne,Australia,"#N/A","#N/A","#N/A","#N/A",3000,VIC,45 Spring Street,"#N/A","#N/A",Globo Gym American Corp is the leader in Hospitality in Melbourne,"#N/A","#N/A",Hospitality,false,"#N/A",Devcast,"#N/A","#N/A",(03) 8426 7995,false,false,"#N/A",Never,"#N/A",false,true,"#N/A",Contract Based,Same,No,Melbourne,Australia,"#N/A","#N/A","#N/A",3000,VIC,45 Spring Street,"#N/A","#N/A","#N/A",Customer,"#N/A","#N/A","#N/A","#N/A","#N/A","#N/A","#N/A",false,false,false,"#N/A",false,false
b3dfc26a-8593-4f67-8eb4-a205d475c29c,"#N/A",9.05588171E8,Bavaria,Germany,"#N/A","#N/A","#N/A","#N/A","#N/A",Munich,300 Chestnut Ridge Road,"#N/A","#N/A",SS North is the leader in Healthcare in Bavaria,"#N/A","#N/A",Healthcare,false,"#N/A",Dabfeed,"#N/A","#N/A","#N/A",false,false,"#N/A",Never,"#N/A",false,true,"#N/A",Contract Based,Same,No,"#N/A","#N/A","#N/A","#N/A","#N/A","#N/A","#N/A","#N/A","#N/A","#N/A","#N/A",Customer,"#N/A","#N/A","#N/A","#N/A","#N/A","#N/A","#N/A",false,false,false,"#N/A",false,false
b4b20146-e989-4879-950f-68d5af464bf4,"#N/A",1.58331476E8,London,United Kingdom,"#N/A","#N/A","#N/A","#N/A",SE1 7NA,"#N/A",Shell Centre,"#N/A","#N/A",Videlectrix is the leader in Electronics,"#N/A","#N/A",Electronics,false,"#N/A",Livefish,"#N/A","#N/A","#N/A",false,false,"#N/A",Never,"#N/A",false,true,"#N/A",Contract Based,Same,No,"#N/A","#N/A","#N/A","#N/A","#N/A","#N/A","#N/A","#N/A","#N/A","#N/A","#N/A",Customer,"#N/A","#N/A","#N/A","#N/A","#N/A","#N/A","#N/A",false,false,false,"#N/A",false,false
b5a16c4d-78f2-4e26-bf4a-c8838951621a,"#N/A",7.0074E10,New Brunswick,United States,"#N/A","#N/A","#N/A","#N/A",08933-0002,NJ,1 Johnson and Johnson Plz,"#N/A","#N/A",Budgetworks is the leader in Financial Services in New Brunswick,"#N/A","#N/A",Financial Services,false,"#N/A",Blognation,"#N/A","#N/A",1.732.524.0400,false,false,"#N/A",Never,"#N/A",false,true,"#N/A",Contract Based,Same,No,Neenah,US,"#N/A","#N/A","#N/A",54957-0767,WI,P.O. BOX 767,"#N/A","#N/A","#N/A",Customer,"#N/A","#N/A","#N/A","#N/A","#N/A","#N/A","#N/A",false,false,false,"#N/A",false,false
b9386bac-7c82-4c57-9e1f-0712576ef430,"#N/A",4.33338781E8,Docklands,Australia,"#N/A","#N/A","#N/A","#N/A",3008,VIC,50 Kerra Way,"#N/A","#N/A",Gizmonic Institute is the leader in Media in Docklands,"#N/A","#N/A",Media,false,"#N/A",Ooba,"#N/A","#N/A",(03) 6257 7887,false,false,"#N/A",Never,"#N/A",false,true,"#N/A",Contract Based,Same,No,Docklands,Australia,"#N/A","#N/A","#N/A",3008,VIC,50 Kerra Way,"#N/A","#N/A","#N/A",Customer,"#N/A","#N/A","#N/A","#N/A","#N/A","#N/A","#N/A",false,false,false,"#N/A",false,false
b9e2e0ee-9453-4532-90ff-e818c345706d,"#N/A",4.4294E10,Atlanta,United States,"#N/A","#N/A","#N/A","#N/A",30313-2499,GA,1 Coca Cola Plz NW,"#N/A","#N/A",Transworld Consortium is the leader in Energy in Atlanta,"#N/A","#N/A",Energy,false,"#N/A",Thoughtmix,"#N/A","#N/A",1.404.676.2121,false,false,"#N/A",Never,"#N/A",false,true,"#N/A",Contract Based,Same,No,Atlanta,US,"#N/A","#N/A","#N/A",30301-1734,GA,P.O. BOX 1734,"#N/A","#N/A","#N/A",Customer,"#N/A","#N/A","#N/A","#N/A","#N/A","#N/A","#N/A",false,false,false,"#N/A",false,false
bb2fc914-a5fe-4eeb-9b59-1232aef801a8,"#N/A","#N/A","#N/A","#N/A",ap@universal.com,"#N/A","#N/A","#N/A","#N/A","#N/A","#N/A",4.0,"#N/A","#N/A","#N/A",0.0,Entertainment,false,"#N/A",Universal Studios,"#N/A","#N/A","#N/A",false,false,"#N/A",Never,"#N/A",false,true,"#N/A",Contract Based,Same,No,"#N/A","#N/A","#N/A","#N/A","#N/A","#N/A","#N/A","#N/A","#N/A",12-3456789,"#N/A",Prospect,"#N/A","#N/A","#N/A","#N/A","#N/A","#N/A","#N/A",false,false,false,"#N/A",false,false
bcad34b8-16f5-4049-918e-3e734890a61c,"#N/A",1.90884E11,San Francisco,United States,"#N/A","#N/A","#N/A","#N/A",94104-5284,CA,1 Post St FL 18,"#N/A","#N/A",Save the Wild is the leader in Non Profit in San Francisco,"#N/A","#N/A",Non Profit,false,"#N/A",Shuffletag,"#N/A","#N/A",1.415.983.8300,false,false,"#N/A",Never,"#N/A",false,true,"#N/A",Contract Based,Same,No,"#N/A","#N/A","#N/A","#N/A","#N/A","#N/A","#N/A",3003 E 3rd Ave #201,"#N/A","#N/A","#N/A",Customer,"#N/A","#N/A","#N/A","#N/A","#N/A","#N/A","#N/A",false,false,false,"#N/A",false,false
bd1533fc-7051-4a00-8941-fef9f7afc476,"#N/A",3.7876E10,Bloomfield,United States,"#N/A","#N/A","#N/A","#N/A",06002-2920,CT,900 Cottage Grove Rd,"#N/A","#N/A",Trek Broadcasting is the leader in Media in Bloomfield,"#N/A","#N/A",Media,false,"#N/A",Quimm,"#N/A","#N/A",1.860.226.6000,false,false,"#N/A",Never,"#N/A",false,true,"#N/A",Contract Based,Same,No,"#N/A","#N/A","#N/A","#N/A","#N/A","#N/A","#N/A","#N/A","#N/A","#N/A","#N/A",Customer,"#N/A","#N/A","#N/A","#N/A","#N/A","#N/A","#N/A",false,false,false,"#N/A",false,false
bf4089e0-3e7d-444d-a50d-1445c45ac0a7,"#N/A",8.4202995E8,Mitchelton,Australia,"#N/A","#N/A","#N/A","#N/A",4053,QLD,34 Frasers Rd,"#N/A","#N/A",Christian Lavendar Hospital is the leader in Healthcare in Mitchelton,"#N/A","#N/A",Healthcare,false,"#N/A",Viva,"#N/A","#N/A",(07) 8057 8902,false,false,"#N/A",Never,"#N/A",false,true,"#N/A",Contract Based,Same,No,Mitchelton,Australia,"#N/A","#N/A","#N/A",4053,QLD,34 Frasers Rd,"#N/A","#N/A","#N/A",Customer,"#N/A","#N/A","#N/A","#N/A","#N/A","#N/A","#N/A",false,false,false,"#N/A",false,false
c12dbcf9-7982-4ff9-a87c-4c44812589be,"#N/A",2.0845725E7,Cincinnati,United States,"#N/A","#N/A","#N/A","#N/A",45271,OH,08697 Ryan Junction,"#N/A","#N/A","#N/A","#N/A","#N/A",Construction,false,"#N/A",Oyonder,"#N/A","#N/A","#N/A",false,false,"#N/A",Never,"#N/A",false,true,"#N/A",Contract Based,Same,No,"#N/A","#N/A","#N/A","#N/A","#N/A","#N/A","#N/A","#N/A","#N/A","#N/A","#N/A",Prospect,"#N/A","#N/A","#N/A","#N/A","#N/A","#N/A","#N/A",false,false,false,"#N/A",false,false
c1a18edd-6c06-4589-8d50-3abf3cbaf33b,"#N/A",6574015.0,Danbury,United States,"#N/A","#N/A","#N/A","#N/A",6816,CT,5898 Superior Street,"#N/A","#N/A","#N/A","#N/A","#N/A",Insurance,false,"#N/A",Thoughtblab,"#N/A","#N/A","#N/A",false,false,"#N/A",Never,"#N/A",false,true,"#N/A",Contract Based,Same,No,"#N/A","#N/A","#N/A","#N/A","#N/A","#N/A","#N/A","#N/A","#N/A","#N/A","#N/A",Prospect,"#N/A","#N/A","#N/A","#N/A","#N/A","#N/A","#N/A",false,false,false,"#N/A",false,false
c28fdb2e-f0fd-4696-a8fc-3fe4d46a1758,"#N/A",3.46761E10,New York,United States,"#N/A","#N/A","#N/A","#N/A",10017-4108,NY,708 3rd Ave Rm 1500,"#N/A","#N/A",First Response Relief Services is the leader in Non Profit in New York,"#N/A","#N/A",Non Profit,false,"#N/A",Browsetype,"#N/A","#N/A",1.212.485.3500,false,false,"#N/A",Never,"#N/A",false,true,"#N/A",Contract Based,Same,No,"#N/A","#N/A","#N/A","#N/A","#N/A","#N/A","#N/A",708 3rd Ave Rm 1500,"#N/A","#N/A","#N/A",Customer,"#N/A","#N/A","#N/A","#N/A","#N/A","#N/A","#N/A",false,false,false,"#N/A",false,false
c313ffc8-35f9-46c6-b8ae-39be3f3dff11,"#N/A",3.7864E10,Chicago,United States,"#N/A","#N/A","#N/A","#N/A",60606-7147,IL,233 S Wacker Dr,"#N/A","#N/A",Realia Home is the leader in Retail in Chicago,"#N/A","#N/A",Retail,false,"#N/A",Edgetag,"#N/A","#N/A",1.872.825.4000,false,false,"#N/A",Never,"#N/A",false,true,"#N/A",Contract Based,Same,No,"#N/A","#N/A","#N/A","#N/A","#N/A","#N/A","#N/A",29 Noalimba Cr,"#N/A","#N/A","#N/A",Prospect,"#N/A","#N/A","#N/A","#N/A","#N/A","#N/A","#N/A",false,false,false,"#N/A",false,false
c33425fc-b1df-4a78-8fb6-2a799daca718,"#N/A",1.57107E11,Minnetonka,United States,"#N/A","#N/A","#N/A","#N/A",55343-9693,MN,9900 Bren Rd E Ste 300w,"#N/A","#N/A","Input, Inc. is the leader in Shipping in Minnetonka","#N/A","#N/A",Shipping,false,"#N/A",Skinte,"#N/A","#N/A",1.952.936.1300,false,false,"#N/A",Never,"#N/A",false,true,"#N/A",Contract Based,Same,No,Minneapolis,US,"#N/A","#N/A","#N/A",55440-1459,MN,P.O. BOX 1459,"#N/A","#N/A","#N/A",Customer,"#N/A","#N/A","#N/A","#N/A","#N/A","#N/A","#N/A",false,false,false,"#N/A",false,false
c46e6e85-0783-440a-9844-17c7c197df75,"#N/A",1.46231103E8,Welwyn Garden City,United Kingdom,"#N/A","#N/A","#N/A","#N/A",AL7 1GA,"#N/A","Tesco House, Shire Park, Kestrel Way","#N/A","#N/A",Western Gas & Electric is the leader in Biotechnology,"#N/A","#N/A",Biotechnology,false,"#N/A",Meeveo,"#N/A","#N/A","#N/A",false,false,"#N/A",Never,"#N/A",false,true,"#N/A",Contract Based,Same,No,"#N/A","#N/A","#N/A","#N/A","#N/A","#N/A","#N/A","Tesco House, Shire Park, Kestrel Way","#N/A","#N/A","#N/A",Customer,"#N/A","#N/A","#N/A","#N/A","#N/A","#N/A","#N/A",false,false,false,"#N/A",false,false
c560abf3-d2e6-4b39-9df2-f0ed6a758b62,"#N/A","#N/A",Toronto,Canada,accounting@globalmedia.com,"#N/A","#N/A","#N/A",L4B 1Y3,Ontario,150 Chestnut Street,2.0,"#N/A","GBM is the worldwide leader in technology news and information on the Web and the producer of the longest-running and farthest-reaching television shows about technology. GBM's network of sites combines breakthrough interactive technology with engaging content and design and is consistently ranked as the Internet's leading content network in terms of both audience size and revenue, serving millions of users each day. The company's television programming is broadcast by the USA Network and the Sci-Fi Channel to more than 70 million households and is syndicated to broadcast television stations in the nation's top 120 markets, including the top 10 markets.","#N/A",0.0,Corporate Office,false,"#N/A",Global Media,14668,"#N/A",(905) 555-1212,false,false,"#N/A","#N/A","#N/A",false,false,"#N/A","#N/A","#N/A","#N/A",Toronto,Canada,"#N/A","#N/A","#N/A",L4B 1Y3,Ontario,150 Chestnut Street,"#N/A",12-3456789,"#N/A",Prospect,"#N/A","#N/A","#N/A","#N/A","#N/A","#N/A","#N/A",false,false,false,"#N/A",false,false
c6c438d2-f877-42d8-a05f-86b7d8c46b38,"#N/A",6.3491E10,Mc Lean,United States,"#N/A","#N/A","#N/A","#N/A",22102-3107,VA,8200 Jones Branch Dr,"#N/A","#N/A",Decorum Interior Design is the leader in Hospitality in Mc Lean,"#N/A","#N/A",Hospitality,false,"#N/A",Tagtune,"#N/A","#N/A",1.703.903.2000,false,false,"#N/A",Never,"#N/A",false,true,"#N/A",Contract Based,Same,No,"#N/A","#N/A","#N/A","#N/A","#N/A","#N/A","#N/A","#N/A","#N/A","#N/A","#N/A",Customer,"#N/A","#N/A","#N/A","#N/A","#N/A","#N/A","#N/A",false,false,false,"#N/A",false,false
c7f8f186-424f-4664-b9f1-5f851267b18d,"#N/A","#N/A","#N/A","#N/A",ap@notredam.edu,"#N/A","#N/A","#N/A","#N/A",IN,"#N/A",1.0,"#N/A","#N/A","#N/A",0.0,Education,false,"#N/A",Notre Dame University,1309,"#N/A","#N/A",false,false,"#N/A",Never,"#N/A",false,true,"#N/A",Contract Based,Same,No,"#N/A","#N/A","#N/A","#N/A","#N/A","#N/A","#N/A","#N/A","#N/A",12-3456789,"#N/A",Prospect,"#N/A","#N/A","#N/A","#N/A","#N/A","#N/A","#N/A",false,false,false,"#N/A",false,false
c901327b-00ba-4026-852d-5447cc8ac4a9,"#N/A",1.46231103E8,Kensington,Australia,"#N/A","#N/A","#N/A","#N/A",1465,NSW,4/81 Doncaster Av,"#N/A","#N/A",SB North is the leader in Healthcare in Kensington,"#N/A","#N/A",Healthcare,false,"#N/A",Quire,"#N/A","#N/A",(02) 6721 8929,false,false,"#N/A",Never,"#N/A",false,true,"#N/A",Contract Based,Same,No,Kensington,Australia,"#N/A","#N/A","#N/A",1465,NSW,4/81 Doncaster Av,"#N/A","#N/A","#N/A",Customer,"#N/A","#N/A","#N/A","#N/A","#N/A","#N/A","#N/A",false,false,false,"#N/A",false,false
cb025173-024f-43c5-b645-4ead60b5dbfc,"#N/A",2.90807169E8,Algester,Australia,"#N/A","#N/A","#N/A","#N/A",4115,QLD,16 Hinterland Cr,"#N/A","#N/A",McMahon and Tate is the leader in Machinery in Algester,"#N/A","#N/A",Machinery,false,"#N/A",Meejo,"#N/A","#N/A",(07) 6586 8516,false,false,"#N/A",Never,"#N/A",false,true,"#N/A",Contract Based,Same,No,Algester,Australia,"#N/A","#N/A","#N/A",4115,QLD,16 Hinterland Cr,"#N/A","#N/A","#N/A",Customer,"#N/A","#N/A","#N/A","#N/A","#N/A","#N/A","#N/A",false,false,false,"#N/A",false,false
cc0cfd54-949f-4a66-9128-7de8e7c05536,"#N/A",2.3633E10,Houston,United States,"#N/A","#N/A","#N/A","#N/A",77032-3299,TX,3000 N Sam Houston Pkwy E,"#N/A","#N/A",Systym Vitals is the leader in Technology in Houston,"#N/A","#N/A",Technology,false,"#N/A",Twinder,"#N/A","#N/A",1.281.871.2699,false,false,"#N/A",Never,"#N/A",false,true,"#N/A",Contract Based,Same,No,"#N/A","#N/A","#N/A","#N/A","#N/A","#N/A","#N/A","#N/A","#N/A","#N/A","#N/A",Prospect,"#N/A","#N/A","#N/A","#N/A","#N/A","#N/A","#N/A",false,false,false,"#N/A",false,false
d0d932d2-e919-4eb0-85fe-6a9bd9b254c8,"#N/A",4.9161E10,San Jose,United States,"#N/A","#N/A","#N/A","#N/A",95134-1706,CA,170 W Tasman Dr,"#N/A","#N/A",Franklin Research College is the leader in Higher Education in San Jose,"#N/A","#N/A",Higher Education,false,"#N/A",Oozz,"#N/A","#N/A",1.408.526.4000,false,false,"#N/A",Never,"#N/A",false,true,"#N/A",Contract Based,Same,No,"#N/A","#N/A","#N/A","#N/A","#N/A","#N/A","#N/A","#N/A","#N/A","#N/A","#N/A",Customer,"#N/A","#N/A","#N/A","#N/A","#N/A","#N/A","#N/A",false,false,false,"#N/A",false,false
d15e681d-8a42-4930-8b82-60e44bb9454f,"#N/A",5.9074E10,Mooresville,United States,"#N/A","#N/A","#N/A","#N/A",28117-8520,NC,1000 Lowes Blvd,"#N/A","#N/A",Finley Companies is the leader in Consumer Goods in Mooresville,"#N/A","#N/A",Consumer Goods,false,"#N/A",Tazzy,"#N/A","#N/A",1.704.758.1000,false,false,"#N/A",Never,"#N/A",false,true,"#N/A",Contract Based,Same,No,Mooresville,US,"#N/A","#N/A","#N/A",28115-1000,NC,P.O. BOX 1000,"#N/A","#N/A","#N/A",Prospect,"#N/A","#N/A","#N/A","#N/A","#N/A","#N/A","#N/A",false,false,false,"#N/A",false,false
d1e9715a-1023-46f0-bbe8-e0648f6195f6,"#N/A",3.0935E10,Houston,United States,"#N/A","#N/A","#N/A","#N/A",77079-1100,TX,600 N Dairy Ashford Rd,"#N/A","#N/A","Optimetrics, LLC is the leader in Technology in Houston","#N/A","#N/A",Technology,false,"#N/A",Browsebug,"#N/A","#N/A",1.281.293.1000,false,false,"#N/A",Never,"#N/A",false,true,"#N/A",Contract Based,Same,No,Houston,US,"#N/A","#N/A","#N/A",77252-2197,TX,P.O. BOX 2197,"#N/A","#N/A","#N/A",Customer,"#N/A","#N/A","#N/A","#N/A","#N/A","#N/A","#N/A",false,false,false,"#N/A",false,false
d241f15c-762d-43c5-8a11-bb93c5f38107,"#N/A",3.1469E10,Falls Church,United States,"#N/A","#N/A","#N/A","#N/A",22042,VA,2941 Frview Pk Dr Ste 100,"#N/A","#N/A",Keading Transportation Services is the leader in Transportation in Falls Church,"#N/A","#N/A",Transportation,false,"#N/A",Buzzshare,"#N/A","#N/A",1.703.876.3000,false,false,"#N/A",Never,"#N/A",false,true,"#N/A",Contract Based,Same,No,"#N/A","#N/A","#N/A","#N/A","#N/A","#N/A","#N/A","#N/A","#N/A","#N/A","#N/A",Customer,"#N/A","#N/A","#N/A","#N/A","#N/A","#N/A","#N/A",false,false,false,"#N/A",false,false
d2f2addf-e67a-4f4d-849b-fa0b521e21ff,"#N/A",7.451E10,Philadelphia,United States,"#N/A","#N/A","#N/A","#N/A",19103-2838,PA,1701 JFK Blvd,"#N/A","#N/A",Initech is the leader in Technology in Philadelphia,"#N/A","#N/A",Technology,false,"#N/A",Topicstorm,"#N/A","#N/A",1.215.286.1700,false,false,"#N/A",Never,"#N/A",false,true,"#N/A",Contract Based,Same,No,"#N/A","#N/A","#N/A","#N/A","#N/A","#N/A","#N/A","#N/A","#N/A","#N/A","#N/A",Customer,"#N/A","#N/A","#N/A","#N/A","#N/A","#N/A","#N/A",false,false,false,"#N/A",false,false
d4ecf595-5edb-47a4-bb7c-96c49335beb2,"#N/A",9488745.0,Carson City,United States,"#N/A","#N/A","#N/A","#N/A",89714,NV,4 Weeping Birch Crossing,"#N/A","#N/A","#N/A","#N/A","#N/A",Consulting,false,"#N/A",Flashset,"#N/A","#N/A","#N/A",false,false,"#N/A",Never,"#N/A",false,true,"#N/A",Contract Based,Same,No,"#N/A","#N/A","#N/A","#N/A","#N/A","#N/A","#N/A","#N/A","#N/A","#N/A","#N/A",Prospect,"#N/A","#N/A","#N/A","#N/A","#N/A","#N/A","#N/A",false,false,false,"#N/A",false,false
d7057886-af2f-4446-a500-e6af21bd6cfe,"#N/A",2.4520919E7,Pueblo,United States,"#N/A","#N/A","#N/A","#N/A",81005,CO,336 Erie Plaza,"#N/A","#N/A","#N/A","#N/A","#N/A",Utilities,false,"#N/A",Linklinks,"#N/A","#N/A","#N/A",false,false,"#N/A",Never,"#N/A",false,true,"#N/A",Contract Based,Same,No,"#N/A","#N/A","#N/A","#N/A","#N/A","#N/A","#N/A","#N/A","#N/A","#N/A","#N/A",Prospect,"#N/A","#N/A","#N/A","#N/A","#N/A","#N/A","#N/A",false,false,false,"#N/A",false,false
d9ce0ac0-a506-46a5-984d-e843b371ce04,"#N/A",1.03444E11,Deerfield,United States,"#N/A","#N/A","#N/A","#N/A",60015-5145,IL,108 Wilmot Rd,"#N/A","#N/A","Civic Wealth, Inc. is the leader in Financial Services in Deerfield","#N/A","#N/A",Financial Services,false,"#N/A",Mydo,"#N/A","#N/A",1.847.315.2500,false,false,"#N/A",Never,"#N/A",false,true,"#N/A",Contract Based,Same,No,"#N/A","#N/A","#N/A","#N/A","#N/A","#N/A","#N/A",200 George Street,"#N/A","#N/A","#N/A",Customer,"#N/A","#N/A","#N/A","#N/A","#N/A","#N/A","#N/A",false,false,false,"#N/A",false,false
d9ed6b1e-63f7-478b-8058-c585c39e84ea,"#N/A",7.58251458E8,Seattle,USA,"#N/A","#N/A","#N/A","#N/A","#N/A",WA,1483 Alaskan Way,"#N/A","#N/A",Susannah St-Germain Hospital is the leader in Healthcare in Seattle,"#N/A","#N/A",Healthcare,false,"#N/A",Yakitri,"#N/A","#N/A",(555) 561-5555,false,false,"#N/A",Never,"#N/A",false,true,"#N/A",Contract Based,Same,No,"#N/A","#N/A","#N/A","#N/A","#N/A","#N/A","#N/A","#N/A","#N/A","#N/A","#N/A",Customer,"#N/A","#N/A","#N/A","#N/A","#N/A","#N/A","#N/A",false,false,false,"#N/A",false,false
dc8a2432-7035-44f0-92e7-9df77e563b69,"#N/A",7.3908E10,New York,United States,"#N/A","#N/A","#N/A","#N/A",10017-5592,NY,120 Park Ave FL 6,"#N/A","#N/A",Leza College of Engineering is the leader in Higher Education in New York,"#N/A","#N/A",Higher Education,false,"#N/A",Wikizz,"#N/A","#N/A",1.917.663.2000,false,false,"#N/A",Never,"#N/A",false,true,"#N/A",Contract Based,Same,No,"#N/A","#N/A","#N/A","#N/A","#N/A","#N/A","#N/A","#N/A","#N/A","#N/A","#N/A",Customer,"#N/A","#N/A","#N/A","#N/A","#N/A","#N/A","#N/A",false,false,false,"#N/A",false,false
dc9ba173-8fe8-4fe3-b271-70a38d70e174,"#N/A",1.0983E11,Cincinnati,United States,"#N/A","#N/A","#N/A","#N/A",45202-1100,OH,1014 Vine St Ste 1000,"#N/A","#N/A",Hagan University is the leader in Higher Education in Cincinnati,"#N/A","#N/A",Higher Education,false,"#N/A",Fiveclub,"#N/A","#N/A",1.513.762.4000,false,false,"#N/A",Never,"#N/A",false,true,"#N/A",Contract Based,Same,No,"#N/A","#N/A","#N/A","#N/A","#N/A","#N/A","#N/A","#N/A","#N/A","#N/A","#N/A",Customer,"#N/A","#N/A","#N/A","#N/A","#N/A","#N/A","#N/A",false,false,false,"#N/A",false,false
dd473e33-1f6b-42b7-a337-96267e991e5c,"#N/A",8.8519E10,Atlanta,United States,"#N/A","#N/A","#N/A","#N/A",30339-1834,GA,2455 Paces Ferry Rd SE,"#N/A","#N/A","Cashless Systems, Inc. is the leader in Services in Atlanta","#N/A","#N/A",Services,false,"#N/A",Edgeclub,"#N/A","#N/A",1.770.433.8211,false,false,"#N/A",Never,"#N/A",false,true,"#N/A",Contract Based,Same,No,Atlanta,US,"#N/A","#N/A","#N/A",30348-5715,GA,P.O. BOX 105715,"#N/A","#N/A","#N/A",Customer,"#N/A","#N/A","#N/A","#N/A","#N/A","#N/A","#N/A",false,false,false,"#N/A",false,false
df71e8a1-b036-4218-af2a-8013df1d6824,"#N/A","#N/A","#N/A","#N/A",ap@landmark.com,"#N/A","#N/A","#N/A","#N/A","#N/A","#N/A",46.0,"#N/A","#N/A","#N/A",0.0,Entertainment,false,"#N/A",Landmark Cinemas,850,"#N/A","#N/A",false,false,"#N/A",Never,"#N/A",false,true,"#N/A",Contract Based,Same,No,"#N/A","#N/A","#N/A","#N/A","#N/A","#N/A","#N/A","#N/A","#N/A",12-3456789,"#N/A",Prospect,"#N/A","#N/A","#N/A","#N/A","#N/A","#N/A","#N/A",false,false,false,"#N/A",false,false
e20bdf3e-07a4-44ae-a984-9f53f76cc1ba,"#N/A",7.40417719E8,Paris,France,"#N/A","#N/A","#N/A","#N/A","#N/A","#N/A",75 Avenue de la Grande Armée,"#N/A","#N/A",Universal Export is the leader in Shipping,"#N/A","#N/A",Shipping,false,"#N/A",Talane,"#N/A","#N/A","#N/A",false,false,"#N/A",Never,"#N/A",false,true,"#N/A",Contract Based,Same,No,"#N/A","#N/A","#N/A","#N/A","#N/A","#N/A","#N/A","#N/A","#N/A","#N/A","#N/A",Customer,"#N/A","#N/A","#N/A","#N/A","#N/A","#N/A","#N/A",false,false,false,"#N/A",false,false
e515610b-2f30-4ab1-af21-4a1942fab742,"#N/A",7.20606185E8,Turin,Italy,"#N/A","#N/A","#N/A","#N/A","#N/A",Turin,"Via Nizza, 250","#N/A","#N/A",TF North is the leader in Healthcare in Turin,"#N/A","#N/A",Healthcare,false,"#N/A",Realcube,"#N/A","#N/A","#N/A",false,false,"#N/A",Never,"#N/A",false,true,"#N/A",Contract Based,Same,No,"#N/A","#N/A","#N/A","#N/A","#N/A","#N/A","#N/A","#N/A","#N/A","#N/A","#N/A",Customer,"#N/A","#N/A","#N/A","#N/A","#N/A","#N/A","#N/A",false,false,false,"#N/A",false,false
e5170054-211c-4cf0-8280-a810fac568ed,"#N/A",4.528576E8,Paris,France,"#N/A","#N/A","#N/A","#N/A","#N/A","#N/A",75010,"#N/A","#N/A",Trevor Ferrin Hospital is the leader in Healthcare,"#N/A","#N/A",Healthcare,false,"#N/A",Yakidoo,"#N/A","#N/A","#N/A",false,false,"#N/A",Never,"#N/A",false,true,"#N/A",Contract Based,Same,No,"#N/A","#N/A","#N/A","#N/A","#N/A","#N/A","#N/A","#N/A","#N/A","#N/A","#N/A",Customer,"#N/A","#N/A","#N/A","#N/A","#N/A","#N/A","#N/A",false,false,false,"#N/A",false,false
e54a92b5-31d4-4bc2-9045-66279332b35c,"#N/A","#N/A","#N/A","#N/A","#N/A","#N/A","#N/A","#N/A","#N/A","#N/A","#N/A","#N/A","#N/A","#N/A","#N/A","#N/A","#N/A",false,"#N/A",Sample Account for Entitlements,"#N/A","#N/A","#N/A",false,false,"#N/A",Never,"#N/A",false,false,"#N/A","#N/A",Same,No,"#N/A","#N/A","#N/A","#N/A","#N/A","#N/A","#N/A","#N/A","#N/A","#N/A","#N/A","#N/A","#N/A","#N/A","#N/A","#N/A","#N/A","#N/A","#N/A",false,false,false,"#N/A",false,false
e560e148-d6c6-4e83-a2be-83575d3789fb,"#N/A",5.45047272E8,Mead,USA,"#N/A","#N/A","#N/A","#N/A",80547,CO,920 Sylvan Ave,"#N/A","#N/A",Three Waters is the leader in Communications,"#N/A","#N/A",Communications,false,"#N/A",Wikibox,"#N/A","#N/A","#N/A",false,false,"#N/A",Never,"#N/A",false,true,"#N/A",Contract Based,Same,No,"#N/A","#N/A","#N/A","#N/A","#N/A","#N/A","#N/A","#N/A","#N/A","#N/A","#N/A",Prospect,"#N/A","#N/A","#N/A","#N/A","#N/A","#N/A","#N/A",false,false,false,"#N/A",false,false
e5b18370-6a6c-42cb-896c-0a20f24d78da,"#N/A",8.8275E10,New York,United States,"#N/A","#N/A","#N/A","#N/A",10022-4699,NY,399 Park Ave,"#N/A","#N/A",Martic-Morales Corp. is the leader in Manufacturing in New York,"#N/A","#N/A",Manufacturing,false,"#N/A",Browseblab,"#N/A","#N/A",1.212.559.1000,false,false,"#N/A",Never,"#N/A",false,true,"#N/A",Contract Based,Same,No,"#N/A","#N/A","#N/A","#N/A","#N/A","#N/A","#N/A",100 North Riverside.,"#N/A","#N/A","#N/A",Customer,"#N/A","#N/A","#N/A","#N/A","#N/A","#N/A","#N/A",false,false,false,"#N/A",false,false
e7095973-af77-4a95-bb04-526a0def8594,"#N/A",2.9636E10,Deerfield,United States,"#N/A","#N/A","#N/A","#N/A",60015-2565,IL,3 Parkway N Ste 300,"#N/A","#N/A",SWD Logistics is the leader in Transportation in Deerfield,"#N/A","#N/A",Transportation,false,"#N/A",Dynava,"#N/A","#N/A",1.847.943.4000,false,false,"#N/A",Never,"#N/A",false,true,"#N/A",Contract Based,Same,No,"#N/A","#N/A","#N/A","#N/A","#N/A","#N/A","#N/A",23 Lundy Av,"#N/A","#N/A","#N/A",Prospect,"#N/A","#N/A","#N/A","#N/A","#N/A","#N/A","#N/A",false,false,false,"#N/A",false,false
e86a44e8-69aa-4b0c-9d1c-d384b0c9734d,"#N/A",1.5240896511E10,Columbus,United States,"#N/A","#N/A","#N/A","#N/A",43215-2226,OH,1 Nationwide Plz,"#N/A","#N/A",Polimarc Inc. is the leader in Media in Columbus,"#N/A","#N/A",Media,false,"#N/A",Zoonoodle,"#N/A","#N/A",1.614.249.7111,false,false,"#N/A",Never,"#N/A",false,true,"#N/A",Contract Based,Same,No,Columbus,US,"#N/A","#N/A","#N/A",43218-2171,OH,P.O. BOX 182171,"#N/A","#N/A","#N/A",Prospect,"#N/A","#N/A","#N/A","#N/A","#N/A","#N/A","#N/A",false,false,false,"#N/A",false,false
ea447ddb-0bf6-4a31-a3cd-500ada9622aa,"#N/A",6.03365E10,Hartford,United States,"#N/A","#N/A","#N/A","#N/A",06156-0001,CT,151 Farmington Ave,"#N/A","#N/A",Initrode is the leader in Energy in Hartford,"#N/A","#N/A",Energy,false,"#N/A",Roomm,"#N/A","#N/A",1.860.273.0123,false,false,"#N/A",Never,"#N/A",false,true,"#N/A",Contract Based,Same,No,"#N/A","#N/A","#N/A","#N/A","#N/A","#N/A","#N/A","#N/A","#N/A","#N/A","#N/A",Prospect,"#N/A","#N/A","#N/A","#N/A","#N/A","#N/A","#N/A",false,false,false,"#N/A",false,false
ed3c0d38-dfac-4640-ab41-3a248a0d843c,"#N/A",3.0601E10,Beaverton,United States,"#N/A","#N/A","#N/A","#N/A",97005-0979,OR,1 SW Bowerman Dr,"#N/A","#N/A",Gadgetron is the leader in Technology in Beaverton,"#N/A","#N/A",Technology,false,"#N/A",Topicshots,"#N/A","#N/A",1.503.671.6453,false,false,"#N/A",Never,"#N/A",false,true,"#N/A",Contract Based,Same,No,"#N/A","#N/A","#N/A","#N/A","#N/A","#N/A","#N/A","#N/A","#N/A","#N/A","#N/A",Prospect,"#N/A","#N/A","#N/A","#N/A","#N/A","#N/A","#N/A",false,false,false,"#N/A",false,false
eefac26b-e6db-4eee-b67c-be503a686536,"#N/A",9.43474187E8,Woollahra,Australia,"#N/A","#N/A","#N/A","#N/A",2025,NSW,6 Rush St,"#N/A","#N/A",Rouster and Sideways is the leader in Insurance in Woollahra,"#N/A","#N/A",Insurance,false,"#N/A",Browsecat,"#N/A","#N/A",(02) 8325 6428,false,false,"#N/A",Never,"#N/A",false,true,"#N/A",Contract Based,Same,No,Woollahra,Australia,"#N/A","#N/A","#N/A",2025,NSW,6 Rush St,"#N/A","#N/A","#N/A",Customer,"#N/A","#N/A","#N/A","#N/A","#N/A","#N/A","#N/A",false,false,false,"#N/A",false,false
f21e4041-1c45-4923-9886-949339e5d3d9,"#N/A",9.02787175E8,Melbourne,Australia,"#N/A","#N/A","#N/A","#N/A",3000,VIC,350 Collins Street,"#N/A","#N/A",Extensive Enterprise is the leader in Construction in Melbourne,"#N/A","#N/A",Construction,false,"#N/A",Zoovu,"#N/A","#N/A",(03) 8967 7597,false,false,"#N/A",Never,"#N/A",false,true,"#N/A",Contract Based,Same,No,Melbourne,Australia,"#N/A","#N/A","#N/A",3000,VIC,350 Collins Street,"#N/A","#N/A","#N/A",Customer,"#N/A","#N/A","#N/A","#N/A","#N/A","#N/A","#N/A",false,false,false,"#N/A",false,false
f38abd17-d193-42e8-88c6-54a6a28581d7,"#N/A",2.35005519E8,Cecil Hills,Australia,"#N/A","#N/A","#N/A","#N/A",2171,NSW,19 Airlie Cr,"#N/A","#N/A",NC North is the leader in Healthcare in Cecil Hills,"#N/A","#N/A",Healthcare,false,"#N/A",Thoughtworks,"#N/A","#N/A",(02) 8210 6814,false,false,"#N/A",Never,"#N/A",false,true,"#N/A",Contract Based,Same,No,Cecil Hills,Australia,"#N/A","#N/A","#N/A",2171,NSW,19 Airlie Cr,"#N/A","#N/A","#N/A",Customer,"#N/A","#N/A","#N/A","#N/A","#N/A","#N/A","#N/A",false,false,false,"#N/A",false,false
f6346d65-4770-4b63-ba83-838486a23ea4,"#N/A",1.89091733E8,Riverview,Australia,"#N/A","#N/A","#N/A","#N/A",2066,NSW,28a College Rd S,"#N/A","#N/A",QWERTY Logistics is the leader in Manufacturing in Riverview,"#N/A","#N/A",Manufacturing,false,"#N/A",Dynabox,"#N/A","#N/A",(02) 8954 8573,false,false,"#N/A",Never,"#N/A",false,true,"#N/A",Contract Based,Same,No,Riverview,Australia,"#N/A","#N/A","#N/A",2066,NSW,28a College Rd S,"#N/A","#N/A","#N/A",Prospect,"#N/A","#N/A","#N/A","#N/A","#N/A","#N/A","#N/A",false,false,false,"#N/A",false,false
f7f917ca-fb4e-4095-b3ba-59256274104a,"#N/A",2.55815146E8,Annerley,Australia,"#N/A","#N/A","#N/A","#N/A",4103,QLD,10 Wingfield St,"#N/A","#N/A",Chez Quis is the leader in Retail in Annerley,"#N/A","#N/A",Retail,false,"#N/A",Rhycero,"#N/A","#N/A",(07) 6433 7486,false,false,"#N/A",Never,"#N/A",false,true,"#N/A",Contract Based,Same,No,Annerley,Australia,"#N/A","#N/A","#N/A",4103,QLD,10 Wingfield St,"#N/A","#N/A","#N/A",Customer,"#N/A","#N/A","#N/A","#N/A","#N/A","#N/A","#N/A",false,false,false,"#N/A",false,false
f996b85c-5cbb-464a-bb07-87dae6160351,"#N/A",8.0231577E7,Caringbah,Australia,"#N/A","#N/A","#N/A","#N/A",1495,NSW,10/33-37 Gannons Rd,"#N/A","#N/A",Nick Ciapetta Hospital is the leader in Healthcare in Caringbah,"#N/A","#N/A",Healthcare,false,"#N/A",Twimm,"#N/A","#N/A",(02) 6905 6165,false,false,"#N/A",Never,"#N/A",false,true,"#N/A",Contract Based,Same,No,Caringbah,Australia,"#N/A","#N/A","#N/A",1495,NSW,10/33-37 Gannons Rd,"#N/A","#N/A","#N/A",Prospect,"#N/A","#N/A","#N/A","#N/A","#N/A","#N/A","#N/A",false,false,false,"#N/A",false,false
fb605597-36b3-4254-88fa-9d298bf64051,"#N/A",3.02983857E8,Bateman,Australia,"#N/A","#N/A","#N/A","#N/A",6150,WA,29 Noalimba Cr,"#N/A","#N/A",North Central Positronics is the leader in Energy in Bateman,"#N/A","#N/A",Energy,false,"#N/A",Kayveo,"#N/A","#N/A",(08) 7367 7550,false,false,"#N/A",Never,"#N/A",false,true,"#N/A",Contract Based,Same,No,Bateman,Australia,"#N/A","#N/A","#N/A",6150,WA,29 Noalimba Cr,"#N/A","#N/A","#N/A",Customer,"#N/A","#N/A","#N/A","#N/A","#N/A","#N/A","#N/A",false,false,false,"#N/A",false,false
fc1bfb29-1102-4583-9956-00a4a744edb9,"#N/A",1.00949E11,Houston,United States,"#N/A","#N/A","#N/A","#N/A",77042-3706,TX,3010 Briarpark Dr,"#N/A","#N/A",Your Lesiure Microtels is the leader in Hospitality in Houston,"#N/A","#N/A",Hospitality,false,"#N/A",Brightdog,"#N/A","#N/A",1.281.293.6600,false,false,"#N/A",Never,"#N/A",false,true,"#N/A",Contract Based,Same,No,Houston,US,"#N/A","#N/A","#N/A",77210-4428,TX,P.O. BOX 4428,"#N/A","#N/A","#N/A",Customer,"#N/A","#N/A","#N/A","#N/A","#N/A","#N/A","#N/A",false,false,false,"#N/A",false,false
ffff64f2-4914-47d2-b9fd-83baec814912,"#N/A",5.2465E10,Burbank,United States,"#N/A","#N/A","#N/A","#N/A",91521-0007,CA,500 S Buena Vista St,"#N/A","#N/A",Larsco College is the leader in Higher Education in Burbank,"#N/A","#N/A",Higher Education,false,"#N/A",Voolith,"#N/A","#N/A",1.818.560.1000,false,false,"#N/A",Never,"#N/A",false,true,"#N/A",Contract Based,Same,No,"#N/A","#N/A","#N/A","#N/A","#N/A","#N/A","#N/A","#N/A","#N/A","#N/A","#N/A",Customer,"#N/A","#N/A","#N/A","#N/A","#N/A","#N/A","#N/A",false,false,false,"#N/A",false,false
