"Guid","SBQQ__AdditionalDiscountAmount__c","SBQQ__AdditionalQuantity__c","SBQQ__AllowAssetRefund__c","SBQQ__BatchQuantity__c","SBQQ__BillingFrequency__c","SBQQ__BillingType__c","SBQQ__Bundle__c","SBQQ__BundledQuantity__c","SBQQ__Bundled__c","SBQQ__CarryoverLine__c","SBQQ__ChargeType__c","SBQQ__ComponentCost__c","SBQQ__ComponentDiscountedByPackage__c","SBQQ__ComponentListTotal__c","SBQQ__ComponentSubscriptionScope__c","SBQQ__ComponentTotal__c","SBQQ__ComponentUpliftedByPackage__c","SBQQ__CompoundDiscountRate__c","SBQQ__ConfigurationRequired__c","SBQQ__CostEditable__c","SBQQ__CustomerPrice__c","SBQQ__DefaultSubscriptionTerm__c","SBQQ__Description__c","SBQQ__DiscountScheduleType__c","SBQQ__DiscountSchedule__c","SBQQ__DiscountTier__c","SBQQ__Discount__c","SBQQ__DistributorDiscount__c","SBQQ__DynamicOptionId__c","SBQQ__EarliestValidAmendmentStartDate__c","SBQQ__EndDate__c","SBQQ__Existing__c","SBQQ__Favorite__c","SBQQ__GenerateContractedPrice__c","SBQQ__GrossProfit__c","SBQQ__Group__c","SBQQ__Guidance__c","SBQQ__HasConsumptionSchedule__c","SBQQ__Hidden__c","SBQQ__Incomplete__c","SBQQ__ListPrice__c","SBQQ__MarkupAmount__c","SBQQ__MarkupRate__c","SBQQ__MaximumPrice__c","SBQQ__MinimumPrice__c","SBQQ__NetPrice__c","SBQQ__NonDiscountable__c","SBQQ__NonPartnerDiscountable__c","SBQQ__Number__c","SBQQ__OptionDiscountAmount__c","SBQQ__OptionDiscount__c","SBQQ__OptionLevel__c","SBQQ__OptionType__c","SBQQ__Optional__c","SBQQ__OriginalPrice__c","SBQQ__OriginalQuoteLineId__c","SBQQ__OriginalUnitCost__c","SBQQ__PackageProductCode__c","SBQQ__PackageProductDescription__c","SBQQ__PartnerDiscount__c","SBQQ__PartnerPrice__c","SBQQ__PreviousSegmentPrice__c","SBQQ__PreviousSegmentUplift__c","SBQQ__PriceEditable__c","SBQQ__PricebookEntryId__c","SBQQ__PricingMethodEditable__c","SBQQ__PricingMethod__c","SBQQ__PriorQuantity__c","SBQQ__ProductOption__c","SBQQ__ProductSubscriptionType__c","SBQQ__ProrateMultiplier__c","SBQQ__ProratedListPrice__c","SBQQ__ProratedPrice__c","SBQQ__Quantity__c","SBQQ__Quote__c","SBQQ__RegularPrice__c","SBQQ__Renewal__c","SBQQ__RenewedSubscription__c","SBQQ__RequiredBy__c","SBQQ__SegmentIndex__c","SBQQ__SegmentKey__c","SBQQ__SegmentLabel__c","SBQQ__Source__c","SBQQ__SpecialPriceDescription__c","SBQQ__SpecialPriceType__c","SBQQ__SpecialPrice__c","SBQQ__StartDate__c","SBQQ__SubscribedAssetIds__c","SBQQ__SubscriptionBase__c","SBQQ__SubscriptionCategory__c","SBQQ__SubscriptionPercent__c","SBQQ__SubscriptionPricing__c","SBQQ__SubscriptionScope__c","SBQQ__SubscriptionTargetPrice__c","SBQQ__SubscriptionTerm__c","SBQQ__SubscriptionType__c","SBQQ__TaxCode__c","SBQQ__Taxable__c","SBQQ__TermDiscountSchedule__c","SBQQ__TermDiscountTier__c","SBQQ__TermDiscount__c","SBQQ__UnitCost__c","SBQQ__UnproratedNetPrice__c","SBQQ__UpgradedQuantity__c","SBQQ__UpgradedSubscription__c","SBQQ__UpliftAmount__c","SBQQ__Uplift__c","SBQQ__VolumeDiscount__c"
00cad3e3-ff6d-4a13-91f3-c5ae9e8185b4,"#N/A","#N/A",false,"#N/A","#N/A","#N/A",false,1.0,false,false,"#N/A","#N/A",false,"#N/A","#N/A","#N/A",false,"#N/A",false,false,39.35,"#N/A",9 Gallon Bag in Box Syrup- One time,"#N/A","#N/A","#N/A","#N/A","#N/A",a2s8a000009dJyUAAU,"#N/A","#N/A",false,"#N/A","#N/A","#N/A","#N/A","#N/A",false,false,false,39.35,"#N/A","#N/A","#N/A","#N/A",39.35,false,false,6.0,"#N/A","#N/A",1.0,Component,false,39.35,"#N/A","#N/A","#N/A","#N/A","#N/A",39.35,"#N/A","#N/A",false,01u8a00000IExmCAAT,false,List,"#N/A",7bb0e654-1be5-449f-aca5-cf0bc3feee38,One-time,1.0,39.35,39.35,1.0,2893fe96-4d43-48b1-ad08-295c1a5925e1,39.35,false,"#N/A",ce743708-fcbb-4874-a81c-c297314aa106,"#N/A","#N/A","#N/A","#N/A","#N/A","#N/A",39.35,"#N/A","#N/A",List,"#N/A","#N/A","#N/A",Quote,"#N/A","#N/A",One-time,"#N/A",false,"#N/A","#N/A","#N/A","#N/A","#N/A","#N/A","#N/A",0.0,0.0,"#N/A"
0672683f-4578-4a77-b48c-adc73c435c7b,"#N/A","#N/A",false,"#N/A","#N/A","#N/A",false,1.0,false,false,"#N/A","#N/A",false,"#N/A","#N/A","#N/A",false,"#N/A",false,false,39.35,"#N/A",12 Gallon Bag in Box Syrup- One time,"#N/A","#N/A","#N/A","#N/A","#N/A",a2s8a000009dJyUAAU,"#N/A","#N/A",false,"#N/A","#N/A","#N/A","#N/A","#N/A",false,false,false,39.35,"#N/A","#N/A","#N/A","#N/A",39.35,false,false,2.0,"#N/A","#N/A",1.0,Component,false,39.35,"#N/A","#N/A","#N/A","#N/A","#N/A",39.35,"#N/A","#N/A",false,01u8a00000IExlNAAT,false,List,"#N/A",35bd2d79-b83a-4c99-85e1-2ae3b2186272,One-time,1.0,39.35,39.35,1.0,96f1c4c5-65ad-44bd-ba28-a10ae45ac483,39.35,false,"#N/A",38df3aaa-b1de-4008-afa7-7c98722d9c69,"#N/A","#N/A","#N/A","#N/A","#N/A","#N/A",39.35,"#N/A","#N/A",List,"#N/A","#N/A","#N/A",Quote,"#N/A","#N/A",One-time,"#N/A",false,"#N/A","#N/A","#N/A","#N/A","#N/A","#N/A","#N/A",0.0,0.0,"#N/A"
0732ef0c-6b3b-4d18-91f7-0507bc76af10,"#N/A","#N/A",false,"#N/A","#N/A","#N/A",false,1.0,false,false,"#N/A","#N/A",false,"#N/A","#N/A","#N/A",false,"#N/A",false,false,89.96,1.0,"K-Cycle™ bins are bundled in packs of five (5), for offices that brew 24 K-Cup® pods or more a day - 450 K-Cup® pods per bin. Single bins are not available.- Recurring<br> <br>EACH BIN INCLUDES<br>1. Pre-paid UPS return label affixed to bin<br>2. Pre-affixed bag and zip tie seal for brewed K-Cup® pod collection","#N/A","#N/A","#N/A","#N/A","#N/A",a2s8a000009dJyXAAU,"#N/A","#N/A",false,"#N/A","#N/A","#N/A","#N/A","#N/A",false,false,false,89.96,"#N/A","#N/A","#N/A","#N/A",89.96,false,false,6.0,"#N/A","#N/A",1.0,Component,false,89.96,"#N/A","#N/A","#N/A","#N/A","#N/A",89.96,"#N/A","#N/A",false,01u8a00000IExlsAAD,false,List,"#N/A",aa51d4e6-57f2-4279-85fd-617676518b45,Renewable,1.0,89.96,89.96,1.0,f7b444b6-657b-4f02-897f-d23d496d969e,89.96,false,"#N/A",48d33794-f19c-481e-8484-85606e9c5512,"#N/A","#N/A","#N/A","#N/A","#N/A","#N/A",89.96,"#N/A","#N/A",List,"#N/A","#N/A",Fixed Price,Quote,"#N/A","#N/A",Renewable,"#N/A",false,"#N/A","#N/A","#N/A","#N/A","#N/A","#N/A","#N/A",0.0,0.0,"#N/A"
085ea5bf-4b06-4431-9219-293e7abe4db4,"#N/A","#N/A",false,"#N/A","#N/A","#N/A",false,1.0,false,false,"#N/A","#N/A",false,"#N/A","#N/A","#N/A",false,"#N/A",false,false,3189.0,"#N/A",10 Flomatic valves to dispense an assortment of beverages. <br>Ice dispenser holds 200lb of ice.,"#N/A","#N/A","#N/A","#N/A","#N/A",a2s8a000009dJyZAAU,"#N/A","#N/A",false,"#N/A","#N/A","#N/A","#N/A","#N/A",false,false,false,3189.0,"#N/A","#N/A","#N/A","#N/A",3189.0,false,false,9.0,"#N/A","#N/A",1.0,Component,false,3189.0,"#N/A","#N/A","#N/A","#N/A","#N/A",3189.0,"#N/A","#N/A",false,01u8a00000IExlMAAT,false,List,"#N/A",4c4e310c-c4ea-4077-948b-4955ed88c7f7,One-time,1.0,3189.0,3189.0,1.0,96f1c4c5-65ad-44bd-ba28-a10ae45ac483,3189.0,false,"#N/A",38df3aaa-b1de-4008-afa7-7c98722d9c69,"#N/A","#N/A","#N/A","#N/A","#N/A","#N/A",3189.0,"#N/A","#N/A",List,"#N/A","#N/A","#N/A",Quote,"#N/A","#N/A",One-time,"#N/A",false,"#N/A","#N/A","#N/A","#N/A","#N/A","#N/A","#N/A",0.0,0.0,"#N/A"
12d3ce3a-3847-4a39-9760-cca2bbcabe1b,"#N/A","#N/A",false,"#N/A","#N/A","#N/A",false,1.0,false,false,"#N/A","#N/A",false,"#N/A","#N/A","#N/A",false,"#N/A",false,false,336.75,"#N/A",A high capacity coffee maker designed for continuous use with direct water line plumbing.,"#N/A","#N/A","#N/A",25.0,"#N/A",a2s8a000009dJyYAAU,"#N/A","#N/A",false,"#N/A","#N/A","#N/A","#N/A","#N/A",false,false,false,449.0,"#N/A","#N/A","#N/A","#N/A",336.75,false,false,8.0,"#N/A","#N/A",1.0,Component,false,449.0,"#N/A","#N/A","#N/A","#N/A","#N/A",336.75,"#N/A","#N/A",false,01u8a00000IExm8AAD,false,List,"#N/A",e5e7381e-120a-4813-b9ee-8f775f700d93,One-time,1.0,449.0,449.0,1.0,6b2c4ff7-52b3-4ed4-88a8-4002f04f53f8,449.0,false,"#N/A",e61f7ccc-0054-4cd3-a35e-65d9b244aa72,"#N/A","#N/A","#N/A","#N/A","#N/A","#N/A",449.0,"#N/A","#N/A",List,"#N/A","#N/A","#N/A",Quote,"#N/A","#N/A",One-time,"#N/A",false,"#N/A","#N/A","#N/A","#N/A","#N/A","#N/A","#N/A",0.0,0.0,"#N/A"
21fa6f09-14dd-420a-baa3-b70dda84bfd7,"#N/A","#N/A",false,"#N/A","#N/A","#N/A",false,1.0,false,false,"#N/A","#N/A",false,"#N/A","#N/A","#N/A",false,"#N/A",false,false,33.45,1.0,9 Gallon Bag in Box Syrup- Recurring,"#N/A","#N/A","#N/A","#N/A","#N/A",a2s8a000009dJyUAAU,"#N/A","#N/A",false,"#N/A","#N/A","#N/A","#N/A","#N/A",false,false,false,33.45,"#N/A","#N/A","#N/A","#N/A",33.45,false,false,4.0,"#N/A","#N/A",1.0,Component,false,33.45,"#N/A","#N/A","#N/A","#N/A","#N/A",33.45,"#N/A","#N/A",false,01u8a00000IExlJAAT,false,List,"#N/A",a8a4fd45-81ba-4c5f-a5d6-0a177e03d771,Renewable,1.0,33.45,33.45,1.0,96f1c4c5-65ad-44bd-ba28-a10ae45ac483,33.45,false,"#N/A",38df3aaa-b1de-4008-afa7-7c98722d9c69,"#N/A","#N/A","#N/A","#N/A","#N/A","#N/A",33.45,"#N/A","#N/A",List,"#N/A","#N/A",Fixed Price,Quote,"#N/A","#N/A",Renewable,"#N/A",false,"#N/A","#N/A","#N/A","#N/A","#N/A","#N/A","#N/A",0.0,0.0,"#N/A"
22b360f2-e28f-4bc2-9932-b668853f5b36,"#N/A","#N/A",false,"#N/A","#N/A","#N/A",false,1.0,false,false,"#N/A","#N/A",false,"#N/A","#N/A","#N/A",false,"#N/A",false,false,150.0,1.0,Regular cleaning &amp; preventative maintenance to keep your equipment operating optimally.- Recurring,"#N/A","#N/A","#N/A","#N/A","#N/A",a2s8a000009dJyXAAU,"#N/A","#N/A",false,"#N/A","#N/A","#N/A","#N/A","#N/A",false,false,false,150.0,"#N/A","#N/A","#N/A","#N/A",150.0,false,false,7.0,"#N/A","#N/A",1.0,Component,false,150.0,"#N/A","#N/A","#N/A","#N/A","#N/A",150.0,"#N/A","#N/A",false,01u8a00000IExlLAAT,false,List,"#N/A",c57aa013-e955-42d2-bd79-697d206445c7,Renewable,1.0,150.0,150.0,1.0,6b2c4ff7-52b3-4ed4-88a8-4002f04f53f8,150.0,false,"#N/A",e61f7ccc-0054-4cd3-a35e-65d9b244aa72,"#N/A","#N/A","#N/A","#N/A","#N/A","#N/A",150.0,"#N/A","#N/A",List,"#N/A","#N/A",Fixed Price,Quote,"#N/A","#N/A",Renewable,"#N/A",false,"#N/A","#N/A","#N/A","#N/A","#N/A","#N/A","#N/A",0.0,0.0,"#N/A"
24c8814f-e18a-4f2f-9747-f69c4629ce79,"#N/A","#N/A",false,"#N/A","#N/A","#N/A",false,1.0,false,false,"#N/A","#N/A",false,"#N/A","#N/A","#N/A",false,"#N/A",false,false,39.35,"#N/A",12 Gallon Bag in Box Syrup- One time,"#N/A","#N/A","#N/A","#N/A","#N/A",a2s8a000009dJyUAAU,"#N/A","#N/A",false,"#N/A","#N/A","#N/A","#N/A","#N/A",false,false,false,39.35,"#N/A","#N/A","#N/A","#N/A",39.35,false,false,3.0,"#N/A","#N/A",1.0,Component,false,39.35,"#N/A","#N/A","#N/A","#N/A","#N/A",39.35,"#N/A","#N/A",false,01u8a00000IExlNAAT,false,List,"#N/A",35bd2d79-b83a-4c99-85e1-2ae3b2186272,One-time,1.0,39.35,39.35,1.0,3f58a95b-777c-482b-b313-efca2528df6c,39.35,false,"#N/A",724b9790-dc60-4e99-b500-b82dbd96ad72,"#N/A","#N/A","#N/A","#N/A","#N/A","#N/A",39.35,"#N/A","#N/A",List,"#N/A","#N/A","#N/A",Quote,"#N/A","#N/A",One-time,"#N/A",false,"#N/A","#N/A","#N/A","#N/A","#N/A","#N/A","#N/A",0.0,0.0,"#N/A"
2694c230-bf62-4af4-9381-59a317a352d1,"#N/A","#N/A",false,"#N/A","#N/A","#N/A",false,1.0,false,false,"#N/A","#N/A",false,"#N/A","#N/A","#N/A",false,"#N/A",false,false,33.45,1.0,11 Gallon Bag in Box Syrup- Recurring,"#N/A","#N/A","#N/A","#N/A","#N/A",a2s8a000009dJyUAAU,"#N/A","#N/A",false,"#N/A","#N/A","#N/A","#N/A","#N/A",false,false,false,33.45,"#N/A","#N/A","#N/A","#N/A",33.45,false,false,5.0,"#N/A","#N/A",1.0,Component,false,33.45,"#N/A","#N/A","#N/A","#N/A","#N/A",33.45,"#N/A","#N/A",false,01u8a00000IExlKAAT,false,List,"#N/A",adcc7058-da80-4d93-8ae4-3b5ca97a5131,Renewable,1.0,33.45,33.45,1.0,96f1c4c5-65ad-44bd-ba28-a10ae45ac483,33.45,false,"#N/A",38df3aaa-b1de-4008-afa7-7c98722d9c69,"#N/A","#N/A","#N/A","#N/A","#N/A","#N/A",33.45,"#N/A","#N/A",List,"#N/A","#N/A",Fixed Price,Quote,"#N/A","#N/A",Renewable,"#N/A",false,"#N/A","#N/A","#N/A","#N/A","#N/A","#N/A","#N/A",0.0,0.0,"#N/A"
2837abe9-c44d-4b37-a413-c2ff598479c8,"#N/A","#N/A",false,"#N/A","#N/A","#N/A",false,1.0,false,false,"#N/A","#N/A",false,"#N/A","#N/A","#N/A",false,"#N/A",false,false,14.99,"#N/A",1 24-count Box of K-Cups Pods- One time,"#N/A","#N/A","#N/A","#N/A","#N/A",a2s8a000009dJyVAAU,"#N/A","#N/A",false,"#N/A","#N/A","#N/A","#N/A","#N/A",false,false,false,14.99,"#N/A","#N/A","#N/A","#N/A",14.99,false,false,2.0,"#N/A","#N/A",1.0,Component,false,14.99,"#N/A","#N/A","#N/A","#N/A","#N/A",14.99,"#N/A","#N/A",false,01u8a00000IExmLAAT,false,List,"#N/A",06ef10cf-2730-4eb5-9d92-2b195082cb1d,Renewable,1.0,14.99,14.99,1.0,6b2c4ff7-52b3-4ed4-88a8-4002f04f53f8,14.99,false,"#N/A",e61f7ccc-0054-4cd3-a35e-65d9b244aa72,"#N/A","#N/A","#N/A","#N/A","#N/A","#N/A",14.99,"#N/A","#N/A",List,"#N/A","#N/A","#N/A",Quote,"#N/A","#N/A",Renewable,"#N/A",false,"#N/A","#N/A","#N/A","#N/A","#N/A","#N/A","#N/A",0.0,0.0,"#N/A"
28e2a390-cc3c-470a-a263-ab787408b3e8,"#N/A","#N/A",false,"#N/A","#N/A","#N/A",false,1.0,false,false,"#N/A","#N/A",false,"#N/A","#N/A","#N/A",false,"#N/A",false,false,150.0,1.0,Regular cleaning &amp; preventative maintenance to keep your equipment operating optimally.- Recurring,"#N/A","#N/A","#N/A","#N/A","#N/A",a2s8a000009dJyWAAU,"#N/A","#N/A",false,"#N/A","#N/A","#N/A","#N/A","#N/A",false,false,false,150.0,"#N/A","#N/A","#N/A","#N/A",150.0,false,false,4.0,"#N/A","#N/A",1.0,Component,false,150.0,"#N/A","#N/A","#N/A","#N/A","#N/A",150.0,"#N/A","#N/A",false,01u8a00000IExlLAAT,false,List,"#N/A",57fa2890-79ae-425d-8058-ff75b727bcef,Renewable,1.0,150.0,150.0,1.0,3f58a95b-777c-482b-b313-efca2528df6c,150.0,false,"#N/A",724b9790-dc60-4e99-b500-b82dbd96ad72,"#N/A","#N/A","#N/A","#N/A","#N/A","#N/A",150.0,"#N/A","#N/A",List,"#N/A","#N/A",Fixed Price,Quote,"#N/A","#N/A",Renewable,"#N/A",false,"#N/A","#N/A","#N/A","#N/A","#N/A","#N/A","#N/A",0.0,0.0,"#N/A"
2b1de579-98ae-47e7-b3de-a409655c6803,"#N/A","#N/A",false,"#N/A","#N/A","#N/A",false,1.0,false,false,"#N/A","#N/A",false,"#N/A","#N/A","#N/A",false,"#N/A",false,false,150.0,1.0,Regular cleaning &amp; preventative maintenance to keep your equipment operating optimally.- Recurring,"#N/A","#N/A","#N/A","#N/A","#N/A",a2s8a000009dJyWAAU,"#N/A","#N/A",false,"#N/A","#N/A","#N/A","#N/A","#N/A",false,false,false,150.0,"#N/A","#N/A","#N/A","#N/A",150.0,false,false,10.0,"#N/A","#N/A",1.0,Component,false,150.0,"#N/A","#N/A","#N/A","#N/A","#N/A",150.0,"#N/A","#N/A",false,01u8a00000IExlLAAT,false,List,"#N/A",57fa2890-79ae-425d-8058-ff75b727bcef,Renewable,1.0,150.0,150.0,1.0,4f3cf1de-1fd6-443b-aedb-c26d197e0c6b,150.0,false,"#N/A",fd325019-541b-4747-8855-3f4c95535f09,"#N/A","#N/A","#N/A","#N/A","#N/A","#N/A",150.0,"#N/A","#N/A",List,"#N/A","#N/A",Fixed Price,Quote,"#N/A","#N/A",Renewable,"#N/A",false,"#N/A","#N/A","#N/A","#N/A","#N/A","#N/A","#N/A",0.0,0.0,"#N/A"
32f7dea1-43e3-4c59-876a-fcf51b7ddbb1,"#N/A","#N/A",false,"#N/A","#N/A","#N/A",false,1.0,false,false,"#N/A","#N/A",false,"#N/A","#N/A","#N/A",false,"#N/A",false,false,33.45,1.0,7 Gallon Bag in Box Syrup- Recurring,"#N/A","#N/A","#N/A","#N/A","#N/A",a2s8a000009dJyUAAU,"#N/A","#N/A",false,"#N/A","#N/A","#N/A","#N/A","#N/A",false,false,false,33.45,"#N/A","#N/A","#N/A","#N/A",33.45,false,false,5.0,"#N/A","#N/A",1.0,Component,false,33.45,"#N/A","#N/A","#N/A","#N/A","#N/A",33.45,"#N/A","#N/A",false,01u8a00000IExluAAD,false,List,"#N/A",92aa2239-4ce9-449e-83c5-1f7c49d4559d,Renewable,1.0,33.45,33.45,1.0,2893fe96-4d43-48b1-ad08-295c1a5925e1,33.45,false,"#N/A",ce743708-fcbb-4874-a81c-c297314aa106,"#N/A","#N/A","#N/A","#N/A","#N/A","#N/A",33.45,"#N/A","#N/A",List,"#N/A","#N/A",Fixed Price,Quote,"#N/A","#N/A",Renewable,"#N/A",false,"#N/A","#N/A","#N/A","#N/A","#N/A","#N/A","#N/A",0.0,0.0,"#N/A"
38df3aaa-b1de-4008-afa7-7c98722d9c69,"#N/A","#N/A",false,"#N/A","#N/A","#N/A",true,"#N/A",false,false,"#N/A",0.0,false,3867.1400000000003,"#N/A",3862.12,false,"#N/A",false,false,0.0,"#N/A","#N/A","#N/A","#N/A","#N/A","#N/A","#N/A","#N/A","#N/A","#N/A",false,"#N/A","#N/A","#N/A","#N/A","#N/A",false,false,false,0.0,"#N/A","#N/A","#N/A","#N/A",0.0,false,false,1.0,"#N/A","#N/A","#N/A","#N/A",false,0.0,"#N/A","#N/A","#N/A","#N/A","#N/A",0.0,"#N/A","#N/A",false,01u8a00000IExlHAAT,false,List,"#N/A","#N/A",One-time,1.0,0.0,0.0,1.0,96f1c4c5-65ad-44bd-ba28-a10ae45ac483,0.0,false,"#N/A","#N/A","#N/A","#N/A","#N/A","#N/A","#N/A","#N/A",0.0,"#N/A","#N/A",List,"#N/A","#N/A","#N/A",Quote,"#N/A","#N/A",One-time,"#N/A",false,"#N/A","#N/A","#N/A","#N/A","#N/A","#N/A","#N/A",0.0,0.0,"#N/A"
398b7c2b-547c-49b1-ad4a-8bd8e56960d3,"#N/A","#N/A",false,"#N/A","#N/A","#N/A",false,1.0,false,false,"#N/A","#N/A",false,"#N/A","#N/A","#N/A",false,"#N/A",false,false,33.45,1.0,11 Gallon Bag in Box Syrup- Recurring,"#N/A","#N/A","#N/A","#N/A","#N/A",a2s8a000009dJyUAAU,"#N/A","#N/A",false,"#N/A","#N/A","#N/A","#N/A","#N/A",false,false,false,33.45,"#N/A","#N/A","#N/A","#N/A",33.45,false,false,8.0,"#N/A","#N/A",1.0,Component,false,33.45,"#N/A","#N/A","#N/A","#N/A","#N/A",33.45,"#N/A","#N/A",false,01u8a00000IExlKAAT,false,List,"#N/A",adcc7058-da80-4d93-8ae4-3b5ca97a5131,Renewable,1.0,33.45,33.45,1.0,4f3cf1de-1fd6-443b-aedb-c26d197e0c6b,33.45,false,"#N/A",fd325019-541b-4747-8855-3f4c95535f09,"#N/A","#N/A","#N/A","#N/A","#N/A","#N/A",33.45,"#N/A","#N/A",List,"#N/A","#N/A",Fixed Price,Quote,"#N/A","#N/A",Renewable,"#N/A",false,"#N/A","#N/A","#N/A","#N/A","#N/A","#N/A","#N/A",0.0,0.0,"#N/A"
3d5733c1-180d-4c92-9732-8ac8dabd5895,"#N/A","#N/A",false,"#N/A","#N/A","#N/A",false,1.0,false,false,"#N/A","#N/A",false,"#N/A","#N/A","#N/A",false,"#N/A",false,false,30.11,1.0,9 Gallon Bag in Box Syrup- Recurring,"#N/A","#N/A","#N/A",10.0,"#N/A",a2s8a000009dJyUAAU,"#N/A","#N/A",false,"#N/A","#N/A","#N/A","#N/A","#N/A",false,false,false,33.45,"#N/A","#N/A","#N/A","#N/A",30.11,false,false,3.0,"#N/A","#N/A",1.0,Component,false,33.45,"#N/A","#N/A","#N/A","#N/A","#N/A",30.11,"#N/A","#N/A",false,01u8a00000IExlJAAT,false,List,"#N/A",a8a4fd45-81ba-4c5f-a5d6-0a177e03d771,Renewable,1.0,33.45,33.45,1.0,4f3cf1de-1fd6-443b-aedb-c26d197e0c6b,33.45,false,"#N/A",8e5d1ca5-ec85-4b45-9056-58603b4f6404,"#N/A","#N/A","#N/A","#N/A","#N/A","#N/A",33.45,"#N/A","#N/A",List,"#N/A","#N/A",Fixed Price,Quote,"#N/A","#N/A",Renewable,"#N/A",false,"#N/A","#N/A","#N/A","#N/A","#N/A","#N/A","#N/A",0.0,0.0,"#N/A"
462e071a-b1f1-4409-838e-5509796b6019,"#N/A","#N/A",false,"#N/A","#N/A","#N/A",false,1.0,false,false,"#N/A","#N/A",false,"#N/A","#N/A","#N/A",false,"#N/A",false,false,12.74,1.0,1 24-count Box of K-Cups Pods- Recurring,"#N/A","#N/A","#N/A","#N/A","#N/A",a2s8a000009dJyVAAU,"#N/A","#N/A",false,"#N/A","#N/A","#N/A","#N/A","#N/A",false,false,false,12.74,"#N/A","#N/A","#N/A","#N/A",12.74,false,false,5.0,"#N/A","#N/A",1.0,Component,false,12.74,"#N/A","#N/A","#N/A","#N/A","#N/A",12.74,"#N/A","#N/A",false,01u8a00000IExm2AAD,false,List,"#N/A",2a5b44de-6365-4bb2-b3fd-9cf6e5456dc2,Renewable,1.0,12.74,12.74,1.0,6b2c4ff7-52b3-4ed4-88a8-4002f04f53f8,12.74,false,"#N/A",e61f7ccc-0054-4cd3-a35e-65d9b244aa72,"#N/A","#N/A","#N/A","#N/A","#N/A","#N/A",12.74,"#N/A","#N/A",List,"#N/A","#N/A",Fixed Price,Quote,"#N/A","#N/A",Renewable,"#N/A",false,"#N/A","#N/A","#N/A","#N/A","#N/A","#N/A","#N/A",0.0,0.0,"#N/A"
48d33794-f19c-481e-8484-85606e9c5512,"#N/A","#N/A",false,"#N/A","#N/A","#N/A",true,"#N/A",false,false,"#N/A",0.0,false,598.92,"#N/A",595.92,false,"#N/A",false,false,0.0,"#N/A","#N/A","#N/A","#N/A","#N/A","#N/A","#N/A","#N/A","#N/A","#N/A",false,"#N/A","#N/A","#N/A","#N/A","#N/A",false,false,false,0.0,"#N/A","#N/A","#N/A","#N/A",0.0,false,false,1.0,"#N/A","#N/A","#N/A","#N/A",false,0.0,"#N/A","#N/A","#N/A","#N/A","#N/A",0.0,"#N/A","#N/A",false,01u8a00000IExmMAAT,false,List,"#N/A","#N/A",One-time,1.0,0.0,0.0,1.0,f7b444b6-657b-4f02-897f-d23d496d969e,0.0,false,"#N/A","#N/A","#N/A","#N/A","#N/A","#N/A","#N/A","#N/A",0.0,"#N/A","#N/A",List,"#N/A","#N/A","#N/A",Quote,"#N/A","#N/A",One-time,"#N/A",false,"#N/A","#N/A","#N/A","#N/A","#N/A","#N/A","#N/A",0.0,0.0,"#N/A"
498da841-8bb7-4745-a03d-1cdfd1f0d926,"#N/A","#N/A",false,"#N/A","#N/A","#N/A",false,1.0,false,false,"#N/A","#N/A",false,"#N/A","#N/A","#N/A",false,"#N/A",false,false,103.21,1.0,8 24-count Boxes of our best selling blends.- Recurring,"#N/A","#N/A","#N/A","#N/A","#N/A",a2s8a000009dJyVAAU,"#N/A","#N/A",false,"#N/A","#N/A","#N/A","#N/A","#N/A",false,false,false,103.21,"#N/A","#N/A","#N/A","#N/A",103.21,false,false,3.0,"#N/A","#N/A",1.0,Component,false,103.21,"#N/A","#N/A","#N/A","#N/A","#N/A",103.21,"#N/A","#N/A",false,01u8a00000IExlyAAD,false,List,"#N/A",e98f55ea-2f0f-4388-b79a-cd2c203f9f20,Renewable,1.0,103.21,103.21,1.0,6b2c4ff7-52b3-4ed4-88a8-4002f04f53f8,103.21,false,"#N/A",e61f7ccc-0054-4cd3-a35e-65d9b244aa72,"#N/A","#N/A","#N/A","#N/A","#N/A","#N/A",103.21,"#N/A","#N/A",List,"#N/A","#N/A",Fixed Price,Quote,"#N/A","#N/A",Renewable,"#N/A",false,"#N/A","#N/A","#N/A","#N/A","#N/A","#N/A","#N/A",0.0,0.0,"#N/A"
49c1d843-34a5-4747-b233-8bb2112342c1,"#N/A","#N/A",false,"#N/A","#N/A","#N/A",false,1.0,false,false,"#N/A","#N/A",false,"#N/A","#N/A","#N/A",false,"#N/A",false,false,39.35,"#N/A",10 Gallon Bag in Box Syrup- One time,"#N/A","#N/A","#N/A","#N/A","#N/A",a2s8a000009dJyUAAU,"#N/A","#N/A",false,"#N/A","#N/A","#N/A","#N/A","#N/A",false,false,false,39.35,"#N/A","#N/A","#N/A","#N/A",39.35,false,false,2.0,"#N/A","#N/A",1.0,Component,false,39.35,"#N/A","#N/A","#N/A","#N/A","#N/A",39.35,"#N/A","#N/A",false,01u8a00000IExmDAAT,false,List,"#N/A",9336694d-b6d5-4dd7-92cc-54a0c0ad6619,One-time,1.0,39.35,39.35,1.0,2893fe96-4d43-48b1-ad08-295c1a5925e1,39.35,false,"#N/A",ce743708-fcbb-4874-a81c-c297314aa106,"#N/A","#N/A","#N/A","#N/A","#N/A","#N/A",39.35,"#N/A","#N/A",List,"#N/A","#N/A","#N/A",Quote,"#N/A","#N/A",One-time,"#N/A",false,"#N/A","#N/A","#N/A","#N/A","#N/A","#N/A","#N/A",0.0,0.0,"#N/A"
5092a62b-d1d5-478a-9ecf-d4fb7fdc8733,"#N/A","#N/A",false,"#N/A","#N/A","#N/A",false,1.0,false,false,"#N/A","#N/A",false,"#N/A","#N/A","#N/A",false,"#N/A",false,false,39.35,"#N/A",5 Gallon Bag in Box Syrup- One time,"#N/A","#N/A","#N/A","#N/A","#N/A",a2s8a000009dJyUAAU,"#N/A","#N/A",false,"#N/A","#N/A","#N/A","#N/A","#N/A",false,false,false,39.35,"#N/A","#N/A","#N/A","#N/A",39.35,false,false,7.0,"#N/A","#N/A",1.0,Component,false,39.35,"#N/A","#N/A","#N/A","#N/A","#N/A",39.35,"#N/A","#N/A",false,01u8a00000IExlrAAD,false,List,"#N/A",f3a65814-9076-4d55-af60-111545b87101,One-time,1.0,39.35,39.35,1.0,2893fe96-4d43-48b1-ad08-295c1a5925e1,39.35,false,"#N/A",ce743708-fcbb-4874-a81c-c297314aa106,"#N/A","#N/A","#N/A","#N/A","#N/A","#N/A",39.35,"#N/A","#N/A",List,"#N/A","#N/A","#N/A",Quote,"#N/A","#N/A",One-time,"#N/A",false,"#N/A","#N/A","#N/A","#N/A","#N/A","#N/A","#N/A",0.0,0.0,"#N/A"
50a265bd-07b9-408b-b15e-50a275032ae2,"#N/A","#N/A",false,"#N/A","#N/A","#N/A",false,1.0,false,false,"#N/A","#N/A",false,"#N/A","#N/A","#N/A",false,"#N/A",false,false,39.35,"#N/A",12 Gallon Bag in Box Syrup- One time,"#N/A","#N/A","#N/A","#N/A","#N/A",a2s8a000009dJyUAAU,"#N/A","#N/A",false,"#N/A","#N/A","#N/A","#N/A","#N/A",false,false,false,39.35,"#N/A","#N/A","#N/A","#N/A",39.35,false,false,9.0,"#N/A","#N/A",1.0,Component,false,39.35,"#N/A","#N/A","#N/A","#N/A","#N/A",39.35,"#N/A","#N/A",false,01u8a00000IExlNAAT,false,List,"#N/A",35bd2d79-b83a-4c99-85e1-2ae3b2186272,One-time,1.0,39.35,39.35,1.0,4f3cf1de-1fd6-443b-aedb-c26d197e0c6b,39.35,false,"#N/A",fd325019-541b-4747-8855-3f4c95535f09,"#N/A","#N/A","#N/A","#N/A","#N/A","#N/A",39.35,"#N/A","#N/A",List,"#N/A","#N/A","#N/A",Quote,"#N/A","#N/A",One-time,"#N/A",false,"#N/A","#N/A","#N/A","#N/A","#N/A","#N/A","#N/A",0.0,0.0,"#N/A"
5ab2d55f-9d99-4ec4-953b-51d68528e3cd,"#N/A","#N/A",false,"#N/A","#N/A","#N/A",false,1.0,false,false,"#N/A","#N/A",false,"#N/A","#N/A","#N/A",false,"#N/A",false,false,3189.0,"#N/A",10 Flomatic valves to dispense an assortment of beverages. <br>Ice dispenser holds 200lb of ice.,"#N/A","#N/A","#N/A","#N/A","#N/A",a2s8a000009dJyZAAU,"#N/A","#N/A",false,"#N/A","#N/A","#N/A","#N/A","#N/A",false,false,false,3189.0,"#N/A","#N/A","#N/A","#N/A",3189.0,false,false,10.0,"#N/A","#N/A",1.0,Component,false,3189.0,"#N/A","#N/A","#N/A","#N/A","#N/A",3189.0,"#N/A","#N/A",false,01u8a00000IExlMAAT,false,List,"#N/A",4c4e310c-c4ea-4077-948b-4955ed88c7f7,One-time,1.0,3189.0,3189.0,1.0,2893fe96-4d43-48b1-ad08-295c1a5925e1,3189.0,false,"#N/A",ce743708-fcbb-4874-a81c-c297314aa106,"#N/A","#N/A","#N/A","#N/A","#N/A","#N/A",3189.0,"#N/A","#N/A",List,"#N/A","#N/A","#N/A",Quote,"#N/A","#N/A",One-time,"#N/A",false,"#N/A","#N/A","#N/A","#N/A","#N/A","#N/A","#N/A",0.0,0.0,"#N/A"
5d9a0654-8345-4abb-af6b-47b200286c7a,"#N/A","#N/A",false,"#N/A","#N/A","#N/A",false,1.0,false,false,"#N/A","#N/A",false,"#N/A","#N/A","#N/A",false,"#N/A",false,false,283.99,"#N/A","Forces CO2 into water to create carbonation for sodas<br>No need to turn off CO2 or water to service; maintain electronics without depressurizing the tank<br>115V, 1/3 hp, 1725 RPM motor","#N/A","#N/A","#N/A",20.0,"#N/A",a2s8a000009dJyZAAU,"#N/A","#N/A",false,"#N/A","#N/A","#N/A","#N/A","#N/A",false,false,false,354.99,"#N/A","#N/A","#N/A","#N/A",283.99,false,false,9.0,"#N/A","#N/A",1.0,Component,false,354.99,"#N/A","#N/A","#N/A","#N/A","#N/A",283.99,"#N/A","#N/A",false,01u8a00000IExm5AAD,false,List,"#N/A",5fa4fde1-7fa8-4ca0-9655-95ad0b82a7ee,One-time,1.0,354.99,354.99,1.0,2893fe96-4d43-48b1-ad08-295c1a5925e1,354.99,false,"#N/A",ce743708-fcbb-4874-a81c-c297314aa106,"#N/A","#N/A","#N/A","#N/A","#N/A","#N/A",354.99,"#N/A","#N/A",List,"#N/A","#N/A","#N/A",Quote,"#N/A","#N/A",One-time,"#N/A",false,"#N/A","#N/A","#N/A","#N/A","#N/A","#N/A","#N/A",0.0,0.0,"#N/A"
625e4f0d-c8dc-4c54-8d6a-2f8b7f2d9a2e,"#N/A","#N/A",false,"#N/A","#N/A","#N/A",false,1.0,false,false,"#N/A","#N/A",false,"#N/A","#N/A","#N/A",false,"#N/A",false,false,150.0,1.0,Regular cleaning &amp; preventative maintenance to keep your equipment operating optimally.- Recurring,"#N/A","#N/A","#N/A","#N/A","#N/A",a2s8a000009dJyWAAU,"#N/A","#N/A",false,"#N/A","#N/A","#N/A","#N/A","#N/A",false,false,false,150.0,"#N/A","#N/A","#N/A","#N/A",150.0,false,false,8.0,"#N/A","#N/A",1.0,Component,false,150.0,"#N/A","#N/A","#N/A","#N/A","#N/A",150.0,"#N/A","#N/A",false,01u8a00000IExlLAAT,false,List,"#N/A",57fa2890-79ae-425d-8058-ff75b727bcef,Renewable,1.0,150.0,150.0,1.0,2893fe96-4d43-48b1-ad08-295c1a5925e1,150.0,false,"#N/A",ce743708-fcbb-4874-a81c-c297314aa106,"#N/A","#N/A","#N/A","#N/A","#N/A","#N/A",150.0,"#N/A","#N/A",List,"#N/A","#N/A",Fixed Price,Quote,"#N/A","#N/A",Renewable,"#N/A",false,"#N/A","#N/A","#N/A","#N/A","#N/A","#N/A","#N/A",0.0,0.0,"#N/A"
633e97b2-1178-4fc6-9953-ba5d3503b2b2,"#N/A","#N/A",false,"#N/A","#N/A","#N/A",false,1.0,false,false,"#N/A","#N/A",false,"#N/A","#N/A","#N/A",false,"#N/A",false,false,14.99,"#N/A",1 24-count Box of K-Cups Pods- One time,"#N/A","#N/A","#N/A","#N/A","#N/A",a2s8a000009dJyVAAU,"#N/A","#N/A",false,"#N/A","#N/A","#N/A","#N/A","#N/A",false,false,false,14.99,"#N/A","#N/A","#N/A","#N/A",14.99,false,false,5.0,"#N/A","#N/A",1.0,Component,false,14.99,"#N/A","#N/A","#N/A","#N/A","#N/A",14.99,"#N/A","#N/A",false,01u8a00000IExmHAAT,false,List,"#N/A",a3e0850c-87be-42a2-ad2e-1f7c9accf793,One-time,1.0,14.99,14.99,1.0,1eb9e681-77c6-4a09-a319-312d22344a1f,14.99,false,"#N/A",b4776536-0f60-430d-bc7f-52f2918ad22f,"#N/A","#N/A","#N/A","#N/A","#N/A","#N/A",14.99,"#N/A","#N/A",List,"#N/A","#N/A","#N/A",Quote,"#N/A","#N/A",One-time,"#N/A",false,"#N/A","#N/A","#N/A","#N/A","#N/A","#N/A","#N/A",0.0,0.0,"#N/A"
724b9790-dc60-4e99-b500-b82dbd96ad72,"#N/A","#N/A",false,"#N/A","#N/A","#N/A",true,"#N/A",false,false,"#N/A",0.0,false,3772.69,"#N/A",3662.26,false,"#N/A",false,false,0.0,"#N/A","#N/A","#N/A","#N/A","#N/A","#N/A","#N/A","#N/A","#N/A","#N/A",false,"#N/A","#N/A","#N/A","#N/A","#N/A",false,false,false,0.0,"#N/A","#N/A","#N/A","#N/A",0.0,false,false,1.0,"#N/A","#N/A","#N/A","#N/A",false,0.0,"#N/A","#N/A","#N/A","#N/A","#N/A",0.0,"#N/A","#N/A",false,01u8a00000IExlHAAT,false,List,"#N/A","#N/A",One-time,1.0,0.0,0.0,1.0,3f58a95b-777c-482b-b313-efca2528df6c,0.0,false,"#N/A","#N/A","#N/A","#N/A","#N/A","#N/A","#N/A","#N/A",0.0,"#N/A","#N/A",List,"#N/A","#N/A","#N/A",Quote,"#N/A","#N/A",One-time,"#N/A",false,"#N/A","#N/A","#N/A","#N/A","#N/A","#N/A","#N/A",0.0,0.0,"#N/A"
7b5b5b67-7cb7-498e-89e4-c24252346e34,"#N/A","#N/A",false,"#N/A","#N/A","#N/A",false,1.0,false,false,"#N/A","#N/A",false,"#N/A","#N/A","#N/A",false,"#N/A",false,false,359.99,"#N/A",Fully programmable coffee maker with an interactive touch-screen that allows for a customizable brewing experience.<br>Includes Direct Plumb Kit Accessory,"#N/A","#N/A","#N/A","#N/A","#N/A",a2s8a000009dJyYAAU,"#N/A","#N/A",false,"#N/A","#N/A","#N/A","#N/A","#N/A",false,false,false,359.99,"#N/A","#N/A","#N/A","#N/A",359.99,false,false,7.0,"#N/A","#N/A",1.0,Component,false,359.99,"#N/A","#N/A","#N/A","#N/A","#N/A",359.99,"#N/A","#N/A",false,01u8a00000IExm7AAD,false,List,"#N/A",6f198508-5b66-42fc-a1f3-37cf2f3eabf9,One-time,1.0,359.99,359.99,1.0,1eb9e681-77c6-4a09-a319-312d22344a1f,359.99,false,"#N/A",b4776536-0f60-430d-bc7f-52f2918ad22f,"#N/A","#N/A","#N/A","#N/A","#N/A","#N/A",359.99,"#N/A","#N/A",List,"#N/A","#N/A","#N/A",Quote,"#N/A","#N/A",One-time,"#N/A",false,"#N/A","#N/A","#N/A","#N/A","#N/A","#N/A","#N/A",0.0,0.0,"#N/A"
819f33f0-5d62-4d1b-93c0-500fc43f254a,"#N/A","#N/A",false,"#N/A","#N/A","#N/A",false,1.0,false,false,"#N/A","#N/A",false,"#N/A","#N/A","#N/A",false,"#N/A",false,false,35.42,"#N/A",10 Gallon Bag in Box Syrup- One time,"#N/A","#N/A","#N/A",10.0,"#N/A",a2s8a000009dJyUAAU,"#N/A","#N/A",false,"#N/A","#N/A","#N/A","#N/A","#N/A",false,false,false,39.35,"#N/A","#N/A","#N/A","#N/A",35.42,false,false,2.0,"#N/A","#N/A",1.0,Component,false,39.35,"#N/A","#N/A","#N/A","#N/A","#N/A",35.42,"#N/A","#N/A",false,01u8a00000IExmDAAT,false,List,"#N/A",9336694d-b6d5-4dd7-92cc-54a0c0ad6619,One-time,1.0,39.35,39.35,1.0,3f58a95b-777c-482b-b313-efca2528df6c,39.35,false,"#N/A",724b9790-dc60-4e99-b500-b82dbd96ad72,"#N/A","#N/A","#N/A","#N/A","#N/A","#N/A",39.35,"#N/A","#N/A",List,"#N/A","#N/A","#N/A",Quote,"#N/A","#N/A",One-time,"#N/A",false,"#N/A","#N/A","#N/A","#N/A","#N/A","#N/A","#N/A",0.0,0.0,"#N/A"
82171147-84dc-41a9-b61a-774b67de44c1,"#N/A","#N/A",false,"#N/A","#N/A","#N/A",false,1.0,false,false,"#N/A","#N/A",false,"#N/A","#N/A","#N/A",false,"#N/A",false,false,39.35,"#N/A",12 Gallon Bag in Box Syrup- One time,"#N/A","#N/A","#N/A","#N/A","#N/A",a2s8a000009dJyUAAU,"#N/A","#N/A",false,"#N/A","#N/A","#N/A","#N/A","#N/A",false,false,false,39.35,"#N/A","#N/A","#N/A","#N/A",39.35,false,false,3.0,"#N/A","#N/A",1.0,Component,false,39.35,"#N/A","#N/A","#N/A","#N/A","#N/A",39.35,"#N/A","#N/A",false,01u8a00000IExlNAAT,false,List,"#N/A",35bd2d79-b83a-4c99-85e1-2ae3b2186272,One-time,1.0,39.35,39.35,1.0,2893fe96-4d43-48b1-ad08-295c1a5925e1,39.35,false,"#N/A",ce743708-fcbb-4874-a81c-c297314aa106,"#N/A","#N/A","#N/A","#N/A","#N/A","#N/A",39.35,"#N/A","#N/A",List,"#N/A","#N/A","#N/A",Quote,"#N/A","#N/A",One-time,"#N/A",false,"#N/A","#N/A","#N/A","#N/A","#N/A","#N/A","#N/A",0.0,0.0,"#N/A"
8335c2fc-141b-4880-a49d-5b3c266fcceb,"#N/A","#N/A",false,"#N/A","#N/A","#N/A",false,1.0,false,false,"#N/A","#N/A",false,"#N/A","#N/A","#N/A",false,"#N/A",false,false,248.49,"#N/A","Forces CO2 into water to create carbonation for sodas<br>No need to turn off CO2 or water to service; maintain electronics without depressurizing the tank<br>115V, 1/3 hp, 1725 RPM motor","#N/A","#N/A","#N/A",30.0,"#N/A",a2s8a000009dJyZAAU,"#N/A","#N/A",false,"#N/A","#N/A","#N/A","#N/A","#N/A",false,false,false,354.99,"#N/A","#N/A","#N/A","#N/A",248.49,false,false,5.0,"#N/A","#N/A",1.0,Component,false,354.99,"#N/A","#N/A","#N/A","#N/A","#N/A",248.49,"#N/A","#N/A",false,01u8a00000IExm5AAD,false,List,"#N/A",5fa4fde1-7fa8-4ca0-9655-95ad0b82a7ee,One-time,1.0,354.99,354.99,1.0,3f58a95b-777c-482b-b313-efca2528df6c,354.99,false,"#N/A",724b9790-dc60-4e99-b500-b82dbd96ad72,"#N/A","#N/A","#N/A","#N/A","#N/A","#N/A",354.99,"#N/A","#N/A",List,"#N/A","#N/A","#N/A",Quote,"#N/A","#N/A",One-time,"#N/A",false,"#N/A","#N/A","#N/A","#N/A","#N/A","#N/A","#N/A",0.0,0.0,"#N/A"
83f8ba60-26a5-41b7-b58a-5cfd9ced1aee,"#N/A","#N/A",false,"#N/A","#N/A","#N/A",false,1.0,false,false,"#N/A","#N/A",false,"#N/A","#N/A","#N/A",false,"#N/A",false,false,33.45,1.0,11 Gallon Bag in Box Syrup- Recurring,"#N/A","#N/A","#N/A","#N/A","#N/A",a2s8a000009dJyUAAU,"#N/A","#N/A",false,"#N/A","#N/A","#N/A","#N/A","#N/A",false,false,false,33.45,"#N/A","#N/A","#N/A","#N/A",33.45,false,false,4.0,"#N/A","#N/A",1.0,Component,false,33.45,"#N/A","#N/A","#N/A","#N/A","#N/A",33.45,"#N/A","#N/A",false,01u8a00000IExlKAAT,false,List,"#N/A",adcc7058-da80-4d93-8ae4-3b5ca97a5131,Renewable,1.0,33.45,33.45,1.0,4f3cf1de-1fd6-443b-aedb-c26d197e0c6b,33.45,false,"#N/A",8e5d1ca5-ec85-4b45-9056-58603b4f6404,"#N/A","#N/A","#N/A","#N/A","#N/A","#N/A",33.45,"#N/A","#N/A",List,"#N/A","#N/A",Fixed Price,Quote,"#N/A","#N/A",Renewable,"#N/A",false,"#N/A","#N/A","#N/A","#N/A","#N/A","#N/A","#N/A",0.0,0.0,"#N/A"
841d0102-6296-4bef-874e-a0716ff7a828,"#N/A","#N/A",false,"#N/A","#N/A","#N/A",false,1.0,false,false,"#N/A","#N/A",false,"#N/A","#N/A","#N/A",false,"#N/A",false,false,399.0,"#N/A",Consists of 10 lines bundled together<br>Each line is 3/8&quot; in diameter<br>Roll contains 100&#39; of bundled tubing,"#N/A","#N/A","#N/A","#N/A","#N/A",a2s8a000009dJyZAAU,"#N/A","#N/A",false,"#N/A","#N/A","#N/A","#N/A","#N/A",false,false,false,399.0,"#N/A","#N/A","#N/A","#N/A",399.0,false,false,11.0,"#N/A","#N/A",1.0,Component,false,399.0,"#N/A","#N/A","#N/A","#N/A","#N/A",399.0,"#N/A","#N/A",false,01u8a00000IExm6AAD,false,List,"#N/A",af7feaa0-0d4c-4c84-abc5-117f13f12cdf,One-time,1.0,399.0,399.0,1.0,2893fe96-4d43-48b1-ad08-295c1a5925e1,399.0,false,"#N/A",ce743708-fcbb-4874-a81c-c297314aa106,"#N/A","#N/A","#N/A","#N/A","#N/A","#N/A",399.0,"#N/A","#N/A",List,"#N/A","#N/A","#N/A",Quote,"#N/A","#N/A",One-time,"#N/A",false,"#N/A","#N/A","#N/A","#N/A","#N/A","#N/A","#N/A",0.0,0.0,"#N/A"
8e5d1ca5-ec85-4b45-9056-58603b4f6404,"#N/A","#N/A",false,"#N/A","#N/A","#N/A",true,"#N/A",false,false,"#N/A",0.0,false,3439.35,"#N/A",3406.01,false,"#N/A",false,false,0.0,"#N/A","#N/A","#N/A","#N/A","#N/A","#N/A","#N/A","#N/A","#N/A","#N/A",false,"#N/A","#N/A","#N/A","#N/A","#N/A",false,false,false,0.0,"#N/A","#N/A","#N/A","#N/A",0.0,false,false,1.0,"#N/A","#N/A","#N/A","#N/A",false,0.0,"#N/A","#N/A","#N/A","#N/A","#N/A",0.0,"#N/A","#N/A",false,01u8a00000IExlHAAT,false,List,"#N/A","#N/A",One-time,1.0,0.0,0.0,1.0,4f3cf1de-1fd6-443b-aedb-c26d197e0c6b,0.0,false,"#N/A","#N/A","#N/A","#N/A","#N/A","#N/A","#N/A","#N/A",0.0,"#N/A","#N/A",List,"#N/A","#N/A","#N/A",Quote,"#N/A","#N/A",One-time,"#N/A",false,"#N/A","#N/A","#N/A","#N/A","#N/A","#N/A","#N/A",0.0,0.0,"#N/A"
9227b8de-423f-46d6-8743-6ad318a62853,"#N/A","#N/A",false,"#N/A","#N/A","#N/A",false,1.0,false,false,"#N/A","#N/A",false,"#N/A","#N/A","#N/A",false,"#N/A",false,false,14.24,"#N/A",1 24-count Box of K-Cups Pods- One time,"#N/A","#N/A","#N/A",5.0,"#N/A",a2s8a000009dJyVAAU,"#N/A","#N/A",false,"#N/A","#N/A","#N/A","#N/A","#N/A",false,false,false,14.99,"#N/A","#N/A","#N/A","#N/A",14.24,false,false,4.0,"#N/A","#N/A",1.0,Component,false,14.99,"#N/A","#N/A","#N/A","#N/A","#N/A",14.24,"#N/A","#N/A",false,01u8a00000IExmIAAT,false,List,"#N/A",210fdd38-362d-4130-b439-051e53774f78,One-time,1.0,14.99,14.99,1.0,f7b444b6-657b-4f02-897f-d23d496d969e,14.99,false,"#N/A",48d33794-f19c-481e-8484-85606e9c5512,"#N/A","#N/A","#N/A","#N/A","#N/A","#N/A",14.99,"#N/A","#N/A",List,"#N/A","#N/A","#N/A",Quote,"#N/A","#N/A",One-time,"#N/A",false,"#N/A","#N/A","#N/A","#N/A","#N/A","#N/A","#N/A",0.0,0.0,"#N/A"
9bdc4db4-5740-4b29-a6e5-3f5a49140a3e,"#N/A","#N/A",false,"#N/A","#N/A","#N/A",false,1.0,false,false,"#N/A","#N/A",false,"#N/A","#N/A","#N/A",false,"#N/A",false,false,80.96,1.0,"K-Cycle™ bins are bundled in packs of five (5), for offices that brew 24 K-Cup® pods or more a day - 450 K-Cup® pods per bin. Single bins are not available.- Recurring<br> <br>EACH BIN INCLUDES<br>1. Pre-paid UPS return label affixed to bin<br>2. Pre-affixed bag and zip tie seal for brewed K-Cup® pod collection","#N/A","#N/A","#N/A",10.0,"#N/A",a2s8a000009dJyXAAU,"#N/A","#N/A",false,"#N/A","#N/A","#N/A","#N/A","#N/A",false,false,false,89.96,"#N/A","#N/A","#N/A","#N/A",80.96,false,false,6.0,"#N/A","#N/A",1.0,Component,false,89.96,"#N/A","#N/A","#N/A","#N/A","#N/A",80.96,"#N/A","#N/A",false,01u8a00000IExlsAAD,false,List,"#N/A",aa51d4e6-57f2-4279-85fd-617676518b45,Renewable,1.0,89.96,89.96,1.0,1eb9e681-77c6-4a09-a319-312d22344a1f,89.96,false,"#N/A",b4776536-0f60-430d-bc7f-52f2918ad22f,"#N/A","#N/A","#N/A","#N/A","#N/A","#N/A",89.96,"#N/A","#N/A",List,"#N/A","#N/A",Fixed Price,Quote,"#N/A","#N/A",Renewable,"#N/A",false,"#N/A","#N/A","#N/A","#N/A","#N/A","#N/A","#N/A",0.0,0.0,"#N/A"
a5a4d321-09b1-44a0-bce2-20d392085120,"#N/A","#N/A",false,"#N/A","#N/A","#N/A",false,1.0,false,false,"#N/A","#N/A",false,"#N/A","#N/A","#N/A",false,"#N/A",false,false,449.0,"#N/A",A high capacity coffee maker designed for continuous use with direct water line plumbing.,"#N/A","#N/A","#N/A","#N/A","#N/A",a2s8a000009dJyYAAU,"#N/A","#N/A",false,"#N/A","#N/A","#N/A","#N/A","#N/A",false,false,false,449.0,"#N/A","#N/A","#N/A","#N/A",449.0,false,false,7.0,"#N/A","#N/A",1.0,Component,false,449.0,"#N/A","#N/A","#N/A","#N/A","#N/A",449.0,"#N/A","#N/A",false,01u8a00000IExm8AAD,false,List,"#N/A",e5e7381e-120a-4813-b9ee-8f775f700d93,One-time,1.0,449.0,449.0,1.0,f7b444b6-657b-4f02-897f-d23d496d969e,449.0,false,"#N/A",48d33794-f19c-481e-8484-85606e9c5512,"#N/A","#N/A","#N/A","#N/A","#N/A","#N/A",449.0,"#N/A","#N/A",List,"#N/A","#N/A","#N/A",Quote,"#N/A","#N/A",One-time,"#N/A",false,"#N/A","#N/A","#N/A","#N/A","#N/A","#N/A","#N/A",0.0,0.0,"#N/A"
b4776536-0f60-430d-bc7f-52f2918ad22f,"#N/A","#N/A",false,"#N/A","#N/A","#N/A",true,"#N/A",false,false,"#N/A",0.0,false,616.34,"#N/A",607.34,false,"#N/A",false,false,0.0,"#N/A","#N/A","#N/A","#N/A","#N/A","#N/A","#N/A","#N/A","#N/A","#N/A",false,"#N/A","#N/A","#N/A","#N/A","#N/A",false,false,false,0.0,"#N/A","#N/A","#N/A","#N/A",0.0,false,false,1.0,"#N/A","#N/A","#N/A","#N/A",false,0.0,"#N/A","#N/A","#N/A","#N/A","#N/A",0.0,"#N/A","#N/A",false,01u8a00000IExmMAAT,false,List,"#N/A","#N/A",One-time,1.0,0.0,0.0,1.0,1eb9e681-77c6-4a09-a319-312d22344a1f,0.0,false,"#N/A","#N/A","#N/A","#N/A","#N/A","#N/A","#N/A","#N/A",0.0,"#N/A","#N/A",List,"#N/A","#N/A","#N/A",Quote,"#N/A","#N/A",One-time,"#N/A",false,"#N/A","#N/A","#N/A","#N/A","#N/A","#N/A","#N/A",0.0,0.0,"#N/A"
b52cca62-1c6c-4f70-9e76-a5cb61665715,"#N/A","#N/A",false,"#N/A","#N/A","#N/A",false,1.0,false,false,"#N/A","#N/A",false,"#N/A","#N/A","#N/A",false,"#N/A",false,false,33.45,1.0,6 Gallon Bag in Box Syrup- Recurring,"#N/A","#N/A","#N/A","#N/A","#N/A",a2s8a000009dJyUAAU,"#N/A","#N/A",false,"#N/A","#N/A","#N/A","#N/A","#N/A",false,false,false,33.45,"#N/A","#N/A","#N/A","#N/A",33.45,false,false,2.0,"#N/A","#N/A",1.0,Component,false,33.45,"#N/A","#N/A","#N/A","#N/A","#N/A",33.45,"#N/A","#N/A",false,01u8a00000IExlIAAT,false,List,"#N/A",89917866-67c7-406d-965e-e6b31806e8eb,Renewable,1.0,33.45,33.45,1.0,4f3cf1de-1fd6-443b-aedb-c26d197e0c6b,33.45,false,"#N/A",8e5d1ca5-ec85-4b45-9056-58603b4f6404,"#N/A","#N/A","#N/A","#N/A","#N/A","#N/A",33.45,"#N/A","#N/A",List,"#N/A","#N/A",Fixed Price,Quote,"#N/A","#N/A",Renewable,"#N/A",false,"#N/A","#N/A","#N/A","#N/A","#N/A","#N/A","#N/A",0.0,0.0,"#N/A"
bc2e7f76-82dc-421f-98e7-cbed7e053e96,"#N/A","#N/A",false,"#N/A","#N/A","#N/A",false,1.0,false,false,"#N/A","#N/A",false,"#N/A","#N/A","#N/A",false,"#N/A",false,false,150.0,1.0,Regular cleaning &amp; preventative maintenance to keep your equipment operating optimally.- Recurring,"#N/A","#N/A","#N/A","#N/A","#N/A",a2s8a000009dJyWAAU,"#N/A","#N/A",false,"#N/A","#N/A","#N/A","#N/A","#N/A",false,false,false,150.0,"#N/A","#N/A","#N/A","#N/A",150.0,false,false,7.0,"#N/A","#N/A",1.0,Component,false,150.0,"#N/A","#N/A","#N/A","#N/A","#N/A",150.0,"#N/A","#N/A",false,01u8a00000IExlLAAT,false,List,"#N/A",57fa2890-79ae-425d-8058-ff75b727bcef,Renewable,1.0,150.0,150.0,1.0,96f1c4c5-65ad-44bd-ba28-a10ae45ac483,150.0,false,"#N/A",38df3aaa-b1de-4008-afa7-7c98722d9c69,"#N/A","#N/A","#N/A","#N/A","#N/A","#N/A",150.0,"#N/A","#N/A",List,"#N/A","#N/A",Fixed Price,Quote,"#N/A","#N/A",Renewable,"#N/A",false,"#N/A","#N/A","#N/A","#N/A","#N/A","#N/A","#N/A",0.0,0.0,"#N/A"
beee662c-9cd3-4f8a-9e8b-d79caeb89692,"#N/A","#N/A",false,"#N/A","#N/A","#N/A",false,1.0,false,false,"#N/A","#N/A",false,"#N/A","#N/A","#N/A",false,"#N/A",false,false,14.99,"#N/A",1 24-count Box of K-Cups Pods- One time,"#N/A","#N/A","#N/A","#N/A","#N/A",a2s8a000009dJyVAAU,"#N/A","#N/A",false,"#N/A","#N/A","#N/A","#N/A","#N/A",false,false,false,14.99,"#N/A","#N/A","#N/A","#N/A",14.99,false,false,4.0,"#N/A","#N/A",1.0,Component,false,14.99,"#N/A","#N/A","#N/A","#N/A","#N/A",14.99,"#N/A","#N/A",false,01u8a00000IExmIAAT,false,List,"#N/A",210fdd38-362d-4130-b439-051e53774f78,One-time,1.0,14.99,14.99,1.0,1eb9e681-77c6-4a09-a319-312d22344a1f,14.99,false,"#N/A",b4776536-0f60-430d-bc7f-52f2918ad22f,"#N/A","#N/A","#N/A","#N/A","#N/A","#N/A",14.99,"#N/A","#N/A",List,"#N/A","#N/A","#N/A",Quote,"#N/A","#N/A",One-time,"#N/A",false,"#N/A","#N/A","#N/A","#N/A","#N/A","#N/A","#N/A",0.0,0.0,"#N/A"
c083c448-5688-46f3-95ff-381c0e64fd72,"#N/A","#N/A",false,"#N/A","#N/A","#N/A",false,1.0,false,false,"#N/A","#N/A",false,"#N/A","#N/A","#N/A",false,"#N/A",false,false,89.96,1.0,"K-Cycle™ bins are bundled in packs of five (5), for offices that brew 24 K-Cup® pods or more a day - 450 K-Cup® pods per bin. Single bins are not available.- Recurring<br> <br>EACH BIN INCLUDES<br>1. Pre-paid UPS return label affixed to bin<br>2. Pre-affixed bag and zip tie seal for brewed K-Cup® pod collection","#N/A","#N/A","#N/A","#N/A","#N/A",a2s8a000009dJyXAAU,"#N/A","#N/A",false,"#N/A","#N/A","#N/A","#N/A","#N/A",false,false,false,89.96,"#N/A","#N/A","#N/A","#N/A",89.96,false,false,6.0,"#N/A","#N/A",1.0,Component,false,89.96,"#N/A","#N/A","#N/A","#N/A","#N/A",89.96,"#N/A","#N/A",false,01u8a00000IExlsAAD,false,List,"#N/A",aa51d4e6-57f2-4279-85fd-617676518b45,Renewable,1.0,89.96,89.96,1.0,6b2c4ff7-52b3-4ed4-88a8-4002f04f53f8,89.96,false,"#N/A",e61f7ccc-0054-4cd3-a35e-65d9b244aa72,"#N/A","#N/A","#N/A","#N/A","#N/A","#N/A",89.96,"#N/A","#N/A",List,"#N/A","#N/A",Fixed Price,Quote,"#N/A","#N/A",Renewable,"#N/A",false,"#N/A","#N/A","#N/A","#N/A","#N/A","#N/A","#N/A",0.0,0.0,"#N/A"
c172aff4-5912-4632-9c75-edb11ce616ab,"#N/A","#N/A",false,"#N/A","#N/A","#N/A",false,1.0,false,false,"#N/A","#N/A",false,"#N/A","#N/A","#N/A",false,"#N/A",false,false,14.24,"#N/A",1 24-count Box of K-Cups Pods- One time,"#N/A","#N/A","#N/A",5.0,"#N/A",a2s8a000009dJyVAAU,"#N/A","#N/A",false,"#N/A","#N/A","#N/A","#N/A","#N/A",false,false,false,14.99,"#N/A","#N/A","#N/A","#N/A",14.24,false,false,3.0,"#N/A","#N/A",1.0,Component,false,14.99,"#N/A","#N/A","#N/A","#N/A","#N/A",14.24,"#N/A","#N/A",false,01u8a00000IExmKAAT,false,List,"#N/A",b16fa606-2ab2-4496-93fa-d191c7f6d766,Renewable,1.0,14.99,14.99,1.0,f7b444b6-657b-4f02-897f-d23d496d969e,14.99,false,"#N/A",48d33794-f19c-481e-8484-85606e9c5512,"#N/A","#N/A","#N/A","#N/A","#N/A","#N/A",14.99,"#N/A","#N/A",List,"#N/A","#N/A","#N/A",Quote,"#N/A","#N/A",Renewable,"#N/A",false,"#N/A","#N/A","#N/A","#N/A","#N/A","#N/A","#N/A",0.0,0.0,"#N/A"
c1dbeb62-c86a-4635-a4da-627794bcf062,"#N/A","#N/A",false,"#N/A","#N/A","#N/A",false,1.0,false,false,"#N/A","#N/A",false,"#N/A","#N/A","#N/A",false,"#N/A",false,false,354.99,"#N/A","Forces CO2 into water to create carbonation for sodas<br>No need to turn off CO2 or water to service; maintain electronics without depressurizing the tank<br>115V, 1/3 hp, 1725 RPM motor","#N/A","#N/A","#N/A","#N/A","#N/A",a2s8a000009dJyZAAU,"#N/A","#N/A",false,"#N/A","#N/A","#N/A","#N/A","#N/A",false,false,false,354.99,"#N/A","#N/A","#N/A","#N/A",354.99,false,false,8.0,"#N/A","#N/A",1.0,Component,false,354.99,"#N/A","#N/A","#N/A","#N/A","#N/A",354.99,"#N/A","#N/A",false,01u8a00000IExm5AAD,false,List,"#N/A",5fa4fde1-7fa8-4ca0-9655-95ad0b82a7ee,One-time,1.0,354.99,354.99,1.0,96f1c4c5-65ad-44bd-ba28-a10ae45ac483,354.99,false,"#N/A",38df3aaa-b1de-4008-afa7-7c98722d9c69,"#N/A","#N/A","#N/A","#N/A","#N/A","#N/A",354.99,"#N/A","#N/A",List,"#N/A","#N/A","#N/A",Quote,"#N/A","#N/A",One-time,"#N/A",false,"#N/A","#N/A","#N/A","#N/A","#N/A","#N/A","#N/A",0.0,0.0,"#N/A"
c66213e7-98fb-4f4e-be4c-aebd8a036bfa,"#N/A","#N/A",false,"#N/A","#N/A","#N/A",false,1.0,false,false,"#N/A","#N/A",false,"#N/A","#N/A","#N/A",false,"#N/A",false,false,28.43,1.0,6 Gallon Bag in Box Syrup- Recurring,"#N/A","#N/A","#N/A",15.0,"#N/A",a2s8a000009dJyUAAU,"#N/A","#N/A",false,"#N/A","#N/A","#N/A","#N/A","#N/A",false,false,false,33.45,"#N/A","#N/A","#N/A","#N/A",28.43,false,false,6.0,"#N/A","#N/A",1.0,Component,false,33.45,"#N/A","#N/A","#N/A","#N/A","#N/A",28.43,"#N/A","#N/A",false,01u8a00000IExlIAAT,false,List,"#N/A",89917866-67c7-406d-965e-e6b31806e8eb,Renewable,1.0,33.45,33.45,1.0,96f1c4c5-65ad-44bd-ba28-a10ae45ac483,33.45,false,"#N/A",38df3aaa-b1de-4008-afa7-7c98722d9c69,"#N/A","#N/A","#N/A","#N/A","#N/A","#N/A",33.45,"#N/A","#N/A",List,"#N/A","#N/A",Fixed Price,Quote,"#N/A","#N/A",Renewable,"#N/A",false,"#N/A","#N/A","#N/A","#N/A","#N/A","#N/A","#N/A",0.0,0.0,"#N/A"
ce068061-e595-4ba2-8bde-9c6789782581,"#N/A","#N/A",false,"#N/A","#N/A","#N/A",false,1.0,false,false,"#N/A","#N/A",false,"#N/A","#N/A","#N/A",false,"#N/A",false,false,120.0,1.0,Regular cleaning &amp; preventative maintenance to keep your equipment operating optimally.- Recurring,"#N/A","#N/A","#N/A",20.0,"#N/A",a2s8a000009dJyWAAU,"#N/A","#N/A",false,"#N/A","#N/A","#N/A","#N/A","#N/A",false,false,false,150.0,"#N/A","#N/A","#N/A","#N/A",120.0,false,false,5.0,"#N/A","#N/A",1.0,Component,false,150.0,"#N/A","#N/A","#N/A","#N/A","#N/A",120.0,"#N/A","#N/A",false,01u8a00000IExlLAAT,false,List,"#N/A",57fa2890-79ae-425d-8058-ff75b727bcef,Renewable,1.0,150.0,150.0,1.0,4f3cf1de-1fd6-443b-aedb-c26d197e0c6b,150.0,false,"#N/A",8e5d1ca5-ec85-4b45-9056-58603b4f6404,"#N/A","#N/A","#N/A","#N/A","#N/A","#N/A",150.0,"#N/A","#N/A",List,"#N/A","#N/A",Fixed Price,Quote,"#N/A","#N/A",Renewable,"#N/A",false,"#N/A","#N/A","#N/A","#N/A","#N/A","#N/A","#N/A",0.0,0.0,"#N/A"
ce743708-fcbb-4874-a81c-c297314aa106,"#N/A","#N/A",false,"#N/A","#N/A","#N/A",true,"#N/A",false,false,"#N/A",0.0,false,4323.1900000000005,"#N/A",4252.1900000000005,false,"#N/A",false,false,0.0,"#N/A","#N/A","#N/A","#N/A","#N/A","#N/A","#N/A","#N/A","#N/A","#N/A",false,"#N/A","#N/A","#N/A","#N/A","#N/A",false,false,false,0.0,"#N/A","#N/A","#N/A","#N/A",0.0,false,false,1.0,"#N/A","#N/A","#N/A","#N/A",false,0.0,"#N/A","#N/A","#N/A","#N/A","#N/A",0.0,"#N/A","#N/A",false,01u8a00000IExlHAAT,false,List,"#N/A","#N/A",One-time,1.0,0.0,0.0,1.0,2893fe96-4d43-48b1-ad08-295c1a5925e1,0.0,false,"#N/A","#N/A","#N/A","#N/A","#N/A","#N/A","#N/A","#N/A",0.0,"#N/A","#N/A",List,"#N/A","#N/A","#N/A",Quote,"#N/A","#N/A",One-time,"#N/A",false,"#N/A","#N/A","#N/A","#N/A","#N/A","#N/A","#N/A",0.0,0.0,"#N/A"
ce8f1bc3-28ba-4511-8c1a-ede8418a790d,"#N/A","#N/A",false,"#N/A","#N/A","#N/A",false,1.0,false,false,"#N/A","#N/A",false,"#N/A","#N/A","#N/A",false,"#N/A",false,false,3189.0,"#N/A",10 Flomatic valves to dispense an assortment of beverages. <br>Ice dispenser holds 200lb of ice.,"#N/A","#N/A","#N/A","#N/A","#N/A",a2s8a000009dJyZAAU,"#N/A","#N/A",false,"#N/A","#N/A","#N/A","#N/A","#N/A",false,false,false,3189.0,"#N/A","#N/A","#N/A","#N/A",3189.0,false,false,11.0,"#N/A","#N/A",1.0,Component,false,3189.0,"#N/A","#N/A","#N/A","#N/A","#N/A",3189.0,"#N/A","#N/A",false,01u8a00000IExlMAAT,false,List,"#N/A",4c4e310c-c4ea-4077-948b-4955ed88c7f7,One-time,1.0,3189.0,3189.0,1.0,4f3cf1de-1fd6-443b-aedb-c26d197e0c6b,3189.0,false,"#N/A",fd325019-541b-4747-8855-3f4c95535f09,"#N/A","#N/A","#N/A","#N/A","#N/A","#N/A",3189.0,"#N/A","#N/A",List,"#N/A","#N/A","#N/A",Quote,"#N/A","#N/A",One-time,"#N/A",false,"#N/A","#N/A","#N/A","#N/A","#N/A","#N/A","#N/A",0.0,0.0,"#N/A"
d56c191d-ac90-4340-ae0a-f4f9621c7988,"#N/A","#N/A",false,"#N/A","#N/A","#N/A",false,1.0,false,false,"#N/A","#N/A",false,"#N/A","#N/A","#N/A",false,"#N/A",false,false,121.42,"#N/A",8 24-count Boxes of our best selling blends.- One time,"#N/A","#N/A","#N/A","#N/A","#N/A",a2s8a000009dJyVAAU,"#N/A","#N/A",false,"#N/A","#N/A","#N/A","#N/A","#N/A",false,false,false,121.42,"#N/A","#N/A","#N/A","#N/A",121.42,false,false,2.0,"#N/A","#N/A",1.0,Component,false,121.42,"#N/A","#N/A","#N/A","#N/A","#N/A",121.42,"#N/A","#N/A",false,01u8a00000IExmFAAT,false,List,"#N/A",62283d5c-f97b-40ad-98d4-da49c3e3bad6,One-time,1.0,121.42,121.42,1.0,1eb9e681-77c6-4a09-a319-312d22344a1f,121.42,false,"#N/A",b4776536-0f60-430d-bc7f-52f2918ad22f,"#N/A","#N/A","#N/A","#N/A","#N/A","#N/A",121.42,"#N/A","#N/A",List,"#N/A","#N/A","#N/A",Quote,"#N/A","#N/A",One-time,"#N/A",false,"#N/A","#N/A","#N/A","#N/A","#N/A","#N/A","#N/A",0.0,0.0,"#N/A"
d7461bba-78ba-47ba-aeba-1a02862e0013,"#N/A","#N/A",false,"#N/A","#N/A","#N/A",false,1.0,false,false,"#N/A","#N/A",false,"#N/A","#N/A","#N/A",false,"#N/A",false,false,3189.0,"#N/A",10 Flomatic valves to dispense an assortment of beverages. <br>Ice dispenser holds 200lb of ice.,"#N/A","#N/A","#N/A","#N/A","#N/A",a2s8a000009dJyZAAU,"#N/A","#N/A",false,"#N/A","#N/A","#N/A","#N/A","#N/A",false,false,false,3189.0,"#N/A","#N/A","#N/A","#N/A",3189.0,false,false,6.0,"#N/A","#N/A",1.0,Component,false,3189.0,"#N/A","#N/A","#N/A","#N/A","#N/A",3189.0,"#N/A","#N/A",false,01u8a00000IExlMAAT,false,List,"#N/A",4c4e310c-c4ea-4077-948b-4955ed88c7f7,One-time,1.0,3189.0,3189.0,1.0,3f58a95b-777c-482b-b313-efca2528df6c,3189.0,false,"#N/A",724b9790-dc60-4e99-b500-b82dbd96ad72,"#N/A","#N/A","#N/A","#N/A","#N/A","#N/A",3189.0,"#N/A","#N/A",List,"#N/A","#N/A","#N/A",Quote,"#N/A","#N/A",One-time,"#N/A",false,"#N/A","#N/A","#N/A","#N/A","#N/A","#N/A","#N/A",0.0,0.0,"#N/A"
d8f89a72-bf8d-43e8-b4d7-b1485465c3a7,"#N/A","#N/A",false,"#N/A","#N/A","#N/A",false,1.0,false,false,"#N/A","#N/A",false,"#N/A","#N/A","#N/A",false,"#N/A",false,false,33.45,1.0,7 Gallon Bag in Box Syrup- Recurring,"#N/A","#N/A","#N/A","#N/A","#N/A",a2s8a000009dJyUAAU,"#N/A","#N/A",false,"#N/A","#N/A","#N/A","#N/A","#N/A",false,false,false,33.45,"#N/A","#N/A","#N/A","#N/A",33.45,false,false,3.0,"#N/A","#N/A",1.0,Component,false,33.45,"#N/A","#N/A","#N/A","#N/A","#N/A",33.45,"#N/A","#N/A",false,01u8a00000IExluAAD,false,List,"#N/A",92aa2239-4ce9-449e-83c5-1f7c49d4559d,Renewable,1.0,33.45,33.45,1.0,96f1c4c5-65ad-44bd-ba28-a10ae45ac483,33.45,false,"#N/A",38df3aaa-b1de-4008-afa7-7c98722d9c69,"#N/A","#N/A","#N/A","#N/A","#N/A","#N/A",33.45,"#N/A","#N/A",List,"#N/A","#N/A",Fixed Price,Quote,"#N/A","#N/A",Renewable,"#N/A",false,"#N/A","#N/A","#N/A","#N/A","#N/A","#N/A","#N/A",0.0,0.0,"#N/A"
d9acd911-d380-47e0-897e-e15d89d47964,"#N/A","#N/A",false,"#N/A","#N/A","#N/A",false,1.0,false,false,"#N/A","#N/A",false,"#N/A","#N/A","#N/A",false,"#N/A",false,false,14.99,"#N/A",1 24-count Box of K-Cups Pods- One time,"#N/A","#N/A","#N/A","#N/A","#N/A",a2s8a000009dJyVAAU,"#N/A","#N/A",false,"#N/A","#N/A","#N/A","#N/A","#N/A",false,false,false,14.99,"#N/A","#N/A","#N/A","#N/A",14.99,false,false,3.0,"#N/A","#N/A",1.0,Component,false,14.99,"#N/A","#N/A","#N/A","#N/A","#N/A",14.99,"#N/A","#N/A",false,01u8a00000IExmKAAT,false,List,"#N/A",b16fa606-2ab2-4496-93fa-d191c7f6d766,Renewable,1.0,14.99,14.99,1.0,1eb9e681-77c6-4a09-a319-312d22344a1f,14.99,false,"#N/A",b4776536-0f60-430d-bc7f-52f2918ad22f,"#N/A","#N/A","#N/A","#N/A","#N/A","#N/A",14.99,"#N/A","#N/A",List,"#N/A","#N/A","#N/A",Quote,"#N/A","#N/A",Renewable,"#N/A",false,"#N/A","#N/A","#N/A","#N/A","#N/A","#N/A","#N/A",0.0,0.0,"#N/A"
e4f8fe8b-ab49-421c-b97a-ea7aeb4cd68e,"#N/A","#N/A",false,"#N/A","#N/A","#N/A",false,1.0,false,false,"#N/A","#N/A",false,"#N/A","#N/A","#N/A",false,"#N/A",false,false,3189.0,"#N/A",10 Flomatic valves to dispense an assortment of beverages. <br>Ice dispenser holds 200lb of ice.,"#N/A","#N/A","#N/A","#N/A","#N/A",a2s8a000009dJyZAAU,"#N/A","#N/A",false,"#N/A","#N/A","#N/A","#N/A","#N/A",false,false,false,3189.0,"#N/A","#N/A","#N/A","#N/A",3189.0,false,false,6.0,"#N/A","#N/A",1.0,Component,false,3189.0,"#N/A","#N/A","#N/A","#N/A","#N/A",3189.0,"#N/A","#N/A",false,01u8a00000IExlMAAT,false,List,"#N/A",4c4e310c-c4ea-4077-948b-4955ed88c7f7,One-time,1.0,3189.0,3189.0,1.0,4f3cf1de-1fd6-443b-aedb-c26d197e0c6b,3189.0,false,"#N/A",8e5d1ca5-ec85-4b45-9056-58603b4f6404,"#N/A","#N/A","#N/A","#N/A","#N/A","#N/A",3189.0,"#N/A","#N/A",List,"#N/A","#N/A","#N/A",Quote,"#N/A","#N/A",One-time,"#N/A",false,"#N/A","#N/A","#N/A","#N/A","#N/A","#N/A","#N/A",0.0,0.0,"#N/A"
e61177cc-112a-47e1-bed9-789017cee95b,"#N/A","#N/A",false,"#N/A","#N/A","#N/A",false,1.0,false,false,"#N/A","#N/A",false,"#N/A","#N/A","#N/A",false,"#N/A",false,false,14.24,"#N/A",1 24-count Box of K-Cups Pods- One time,"#N/A","#N/A","#N/A",5.0,"#N/A",a2s8a000009dJyVAAU,"#N/A","#N/A",false,"#N/A","#N/A","#N/A","#N/A","#N/A",false,false,false,14.99,"#N/A","#N/A","#N/A","#N/A",14.24,false,false,5.0,"#N/A","#N/A",1.0,Component,false,14.99,"#N/A","#N/A","#N/A","#N/A","#N/A",14.24,"#N/A","#N/A",false,01u8a00000IExmHAAT,false,List,"#N/A",81d4b941-8b87-47d6-981f-14df7b645bd2,One-time,1.0,14.99,14.99,1.0,f7b444b6-657b-4f02-897f-d23d496d969e,14.99,false,"#N/A",48d33794-f19c-481e-8484-85606e9c5512,"#N/A","#N/A","#N/A","#N/A","#N/A","#N/A",14.99,"#N/A","#N/A",List,"#N/A","#N/A","#N/A",Quote,"#N/A","#N/A",One-time,"#N/A",false,"#N/A","#N/A","#N/A","#N/A","#N/A","#N/A","#N/A",0.0,0.0,"#N/A"
e61f7ccc-0054-4cd3-a35e-65d9b244aa72,"#N/A","#N/A",false,"#N/A","#N/A","#N/A",true,"#N/A",false,false,"#N/A",0.0,false,834.89,"#N/A",722.64,false,"#N/A",false,false,0.0,"#N/A","#N/A","#N/A","#N/A","#N/A","#N/A","#N/A","#N/A","#N/A","#N/A",false,"#N/A","#N/A","#N/A","#N/A","#N/A",false,false,false,0.0,"#N/A","#N/A","#N/A","#N/A",0.0,false,false,1.0,"#N/A","#N/A","#N/A","#N/A",false,0.0,"#N/A","#N/A","#N/A","#N/A","#N/A",0.0,"#N/A","#N/A",false,01u8a00000IExmMAAT,false,List,"#N/A","#N/A",One-time,1.0,0.0,0.0,1.0,6b2c4ff7-52b3-4ed4-88a8-4002f04f53f8,0.0,false,"#N/A","#N/A","#N/A","#N/A","#N/A","#N/A","#N/A","#N/A",0.0,"#N/A","#N/A",List,"#N/A","#N/A","#N/A",Quote,"#N/A","#N/A",One-time,"#N/A",false,"#N/A","#N/A","#N/A","#N/A","#N/A","#N/A","#N/A",0.0,0.0,"#N/A"
ef91db3e-b205-406a-aa64-8fa9b9e88e99,"#N/A","#N/A",false,"#N/A","#N/A","#N/A",false,1.0,false,false,"#N/A","#N/A",false,"#N/A","#N/A","#N/A",false,"#N/A",false,false,14.99,"#N/A",1 24-count Box of K-Cups Pods- One time,"#N/A","#N/A","#N/A","#N/A","#N/A",a2s8a000009dJyVAAU,"#N/A","#N/A",false,"#N/A","#N/A","#N/A","#N/A","#N/A",false,false,false,14.99,"#N/A","#N/A","#N/A","#N/A",14.99,false,false,4.0,"#N/A","#N/A",1.0,Component,false,14.99,"#N/A","#N/A","#N/A","#N/A","#N/A",14.99,"#N/A","#N/A",false,01u8a00000IExmKAAT,false,List,"#N/A",b16fa606-2ab2-4496-93fa-d191c7f6d766,Renewable,1.0,14.99,14.99,1.0,6b2c4ff7-52b3-4ed4-88a8-4002f04f53f8,14.99,false,"#N/A",e61f7ccc-0054-4cd3-a35e-65d9b244aa72,"#N/A","#N/A","#N/A","#N/A","#N/A","#N/A",14.99,"#N/A","#N/A",List,"#N/A","#N/A","#N/A",Quote,"#N/A","#N/A",Renewable,"#N/A",false,"#N/A","#N/A","#N/A","#N/A","#N/A","#N/A","#N/A",0.0,0.0,"#N/A"
fd325019-541b-4747-8855-3f4c95535f09,"#N/A","#N/A",false,"#N/A","#N/A","#N/A",true,"#N/A",false,false,"#N/A",0.0,false,3411.8,"#N/A",3411.8,false,"#N/A",false,false,0.0,"#N/A","#N/A","#N/A","#N/A","#N/A","#N/A","#N/A","#N/A","#N/A","#N/A",false,"#N/A","#N/A","#N/A","#N/A","#N/A",false,false,false,0.0,"#N/A","#N/A","#N/A","#N/A",0.0,false,false,7.0,"#N/A","#N/A","#N/A","#N/A",false,0.0,"#N/A","#N/A","#N/A","#N/A","#N/A",0.0,"#N/A","#N/A",false,01u8a00000IExlHAAT,false,List,"#N/A","#N/A",One-time,1.0,0.0,0.0,1.0,4f3cf1de-1fd6-443b-aedb-c26d197e0c6b,0.0,false,"#N/A","#N/A","#N/A","#N/A","#N/A","#N/A","#N/A","#N/A",0.0,"#N/A","#N/A",List,"#N/A","#N/A","#N/A",Quote,"#N/A","#N/A",One-time,"#N/A",false,"#N/A","#N/A","#N/A","#N/A","#N/A","#N/A","#N/A",0.0,0.0,"#N/A"
fea17e46-bbe5-41dc-88bf-5bedab00f3ba,"#N/A","#N/A",false,"#N/A","#N/A","#N/A",false,1.0,false,false,"#N/A","#N/A",false,"#N/A","#N/A","#N/A",false,"#N/A",false,false,14.24,"#N/A",1 24-count Box of K-Cups Pods- One time,"#N/A","#N/A","#N/A",5.0,"#N/A",a2s8a000009dJyVAAU,"#N/A","#N/A",false,"#N/A","#N/A","#N/A","#N/A","#N/A",false,false,false,14.99,"#N/A","#N/A","#N/A","#N/A",14.24,false,false,2.0,"#N/A","#N/A",1.0,Component,false,14.99,"#N/A","#N/A","#N/A","#N/A","#N/A",14.24,"#N/A","#N/A",false,01u8a00000IExmLAAT,false,List,"#N/A",06ef10cf-2730-4eb5-9d92-2b195082cb1d,Renewable,1.0,14.99,14.99,1.0,f7b444b6-657b-4f02-897f-d23d496d969e,14.99,false,"#N/A",48d33794-f19c-481e-8484-85606e9c5512,"#N/A","#N/A","#N/A","#N/A","#N/A","#N/A",14.99,"#N/A","#N/A",List,"#N/A","#N/A","#N/A",Quote,"#N/A","#N/A",Renewable,"#N/A",false,"#N/A","#N/A","#N/A","#N/A","#N/A","#N/A","#N/A",0.0,0.0,"#N/A"
ff29e01c-fabc-4bf5-9d55-81528f6b5d26,"#N/A","#N/A",false,"#N/A","#N/A","#N/A",false,1.0,false,false,"#N/A","#N/A",false,"#N/A","#N/A","#N/A",false,"#N/A",false,false,39.35,"#N/A",6 Gallon Bag in Box Syrup- One time,"#N/A","#N/A","#N/A","#N/A","#N/A",a2s8a000009dJyUAAU,"#N/A","#N/A",false,"#N/A","#N/A","#N/A","#N/A","#N/A",false,false,false,39.35,"#N/A","#N/A","#N/A","#N/A",39.35,false,false,4.0,"#N/A","#N/A",1.0,Component,false,39.35,"#N/A","#N/A","#N/A","#N/A","#N/A",39.35,"#N/A","#N/A",false,01u8a00000IExm9AAD,false,List,"#N/A",3b6815cf-12f8-45eb-a1a3-7df3194c2d7e,One-time,1.0,39.35,39.35,1.0,2893fe96-4d43-48b1-ad08-295c1a5925e1,39.35,false,"#N/A",ce743708-fcbb-4874-a81c-c297314aa106,"#N/A","#N/A","#N/A","#N/A","#N/A","#N/A",39.35,"#N/A","#N/A",List,"#N/A","#N/A","#N/A",Quote,"#N/A","#N/A",One-time,"#N/A",false,"#N/A","#N/A","#N/A","#N/A","#N/A","#N/A","#N/A",0.0,0.0,"#N/A"
